63;63;119;36;4;0;Р;Р;Р;Р;Р;О;25,698735568993953;25,698735568993953;22,650047135225726;12,707292707292707;6,584344949250802;0;
63;63;96;36;4;0;Р;Р;Р;Р;Р;О;25,698735568993953;25,698735568993953;20,946891724989708;12,707292707292707;6,584344949250802;0;
63;63;57;36;4;0;Р;Р;Р;Р;Р;О;25,698735568993953;25,698735568993953;16,54322677801355;12,707292707292707;6,584344949250802;0;
63;63;47;36;4;0;Р;Р;Р;Р;Р;О;25,698735568993953;25,698735568993953;14,902410449435402;12,707292707292707;6,584344949250802;0;
63;63;53;36;4;0;Р;Р;Р;Р;Р;О;25,698735568993953;25,698735568993953;15,921403773941382;12,707292707292707;6,584344949250802;0;
63;63;59;36;4;0;Р;Р;Р;Р;Р;О;25,698735568993953;25,698735568993953;16,83860979604658;12,707292707292707;6,584344949250802;0;
63;63;70;36;4;0;Р;Р;Р;Р;Р;О;25,698735568993953;25,698735568993953;18,302158273381295;12,707292707292707;6,584344949250802;0;
63;63;101;36;4;0;Р;Р;Р;Р;Р;О;25,698735568993953;25,698735568993953;21,358248408172763;12,707292707292707;6,584344949250802;0;
63;63;120;66;4;0;Р;Р;Р;Р;Р;О;25,698735568993953;25,698735568993953;22,71428571428571;17,799262180384176;6,584344949250802;0;
63;63;120;84;4;0;Р;Р;Р;Р;Р;О;25,698735568993953;25,698735568993953;22,71428571428571;19,84399375975039;6,584344949250802;0;
63;63;120;101;4;0;Р;Р;Р;Р;Р;О;25,698735568993953;25,698735568993953;22,71428571428571;21,358248408172763;6,584344949250802;0;
63;63;120;111;4;0;Р;Р;Р;Р;Р;О;25,698735568993953;25,698735568993953;22,71428571428571;22,109268567670405;6,584344949250802;0;
63;63;120;108;4;0;Р;Р;Р;Р;Р;О;25,698735568993953;25,698735568993953;22,71428571428571;21,893287435456106;6,584344949250802;0;
63;63;120;108;4;0;Р;Р;Р;Р;Р;О;25,698735568993953;25,698735568993953;22,71428571428571;21,893287435456106;6,584344949250802;0;
63;63;120;96;4;0;Р;Р;Р;Р;Р;О;25,698735568993953;25,698735568993953;22,71428571428571;20,946891724989708;6,584344949250802;0;
63;63;120;100;4;0;Р;Р;Р;Р;Р;О;25,698735568993953;25,698735568993953;22,71428571428571;21,278019404483103;6,584344949250802;0;
63;63;120;101;4;0;Р;Р;Р;Р;Р;О;25,698735568993953;25,698735568993953;22,71428571428571;21,358248408172763;6,584344949250802;0;
78;63;120;120;4;0;Р;Р;Р;Р;Р;О;30,615279981863523;25,698735568993953;22,71428571428571;22,71428571428571;6,584344949250802;0;
63;63;120;120;38;0;Р;Р;Р;Р;Р;О;25,698735568993953;25,698735568993953;22,71428571428571;22,71428571428571;13,533880090169026;0;
63;63;120;120;36;0;Р;Р;Р;Р;Р;О;25,698735568993953;25,698735568993953;22,71428571428571;22,71428571428571;13,125830413381046;0;
63;63;120;120;36;0;Р;Р;Р;Р;Р;О;25,698735568993953;25,698735568993953;22,71428571428571;22,71428571428571;13,125830413381046;0;
63;63;120;120;32;0;Р;Р;Р;Р;Р;О;25,698735568993953;25,698735568993953;22,71428571428571;22,71428571428571;12,293617988578532;0;
63;63;120;111;4;0;Р;Р;Р;Р;Р;О;25,698735568993953;25,698735568993953;22,71428571428571;22,109268567670405;6,584344949250802;0;
63;63;120;89;4;0;Р;Р;Р;Р;Р;О;25,698735568993953;25,698735568993953;22,71428571428571;20,32496095082497;6,584344949250802;0;
63;63;120;39;4;0;Р;Р;Р;Р;Р;О;25,698735568993953;25,698735568993953;22,71428571428571;13,353791488330776;6,584344949250802;0;
63;63;78;36;4;0;Р;Р;Р;Р;Р;О;25,698735568993953;25,698735568993953;19,221201906311748;12,707292707292707;6,584344949250802;0;
63;63;70;36;4;0;Р;Р;Р;Р;Р;О;25,698735568993953;25,698735568993953;18,302158273381295;12,707292707292707;6,584344949250802;0;
63;63;63;36;4;0;Р;Р;Р;Р;Р;О;25,698735568993953;25,698735568993953;17,400820793433653;12,707292707292707;6,584344949250802;0;
63;63;72;36;4;0;Р;Р;Р;Р;Р;О;25,698735568993953;25,698735568993953;18,542274052478135;12,707292707292707;6,584344949250802;0;
63;63;93;36;4;0;Р;Р;Р;Р;Р;О;25,698735568993953;25,698735568993953;20,687267194795655;12,707292707292707;6,584344949250802;0;
63;63;120;44;4;0;Р;Р;Р;Р;Р;О;25,698735568993953;25,698735568993953;22,71428571428571;14,349297507947906;6,584344949250802;0;
63;63;120;79;4;0;Р;Р;Р;Р;Р;О;25,698735568993953;25,698735568993953;22,71428571428571;19,328704148954586;6,584344949250802;0;
63;63;120;105;4;0;Р;Р;Р;Р;Р;О;25,698735568993953;25,698735568993953;22,71428571428571;21,669505962521292;6,584344949250802;0;
63;63;120;113;4;0;Р;Р;Р;Р;Р;О;25,698735568993953;25,698735568993953;22,71428571428571;22,249121557822395;6,584344949250802;0;
63;63;120;113;4;0;Р;Р;Р;Р;Р;О;25,698735568993953;25,698735568993953;22,71428571428571;22,249121557822395;6,584344949250802;0;
66;63;120;120;4;0;Р;Р;Р;Р;Р;О;26,712693836203538;25,698735568993953;22,71428571428571;22,71428571428571;6,584344949250802;0;
63;63;120;110;4;0;Р;Р;Р;Р;Р;О;25,698735568993953;25,698735568993953;22,71428571428571;22,038116238777757;6,584344949250802;0;
64;63;120;120;4;0;Р;Р;Р;Р;Р;О;26,038486644559914;25,698735568993953;22,71428571428571;22,71428571428571;6,584344949250802;0;
63;63;120;120;34;0;Р;Р;Р;Р;Р;О;25,698735568993953;25,698735568993953;22,71428571428571;22,71428571428571;12,712194429575288;0;
79;63;120;120;4;0;Р;Р;Р;Р;Р;О;30,92987260986457;25,698735568993953;22,71428571428571;22,71428571428571;6,584344949250802;0;
78;63;120;120;4;0;Р;Р;Р;Р;Р;О;30,615279981863523;25,698735568993953;22,71428571428571;22,71428571428571;6,584344949250802;0;
63;63;120;120;35;0;Р;Р;Р;Р;Р;О;25,698735568993953;25,698735568993953;22,71428571428571;22,71428571428571;12,919675180682868;0;
63;63;120;120;63;0;Р;Р;Р;Р;Р;О;25,698735568993953;25,698735568993953;22,71428571428571;22,71428571428571;18,20286854350266;0;
63;63;120;120;64;0;Р;Р;Р;Р;Р;О;25,698735568993953;25,698735568993953;22,71428571428571;22,71428571428571;18,381842901140367;0;
63;63;120;120;61;0;Р;Р;Р;Р;Р;О;25,698735568993953;25,698735568993953;22,71428571428571;22,71428571428571;17,845211142819423;0;
63;63;120;120;46;0;Р;Р;Р;Р;Р;О;25,698735568993953;25,698735568993953;22,71428571428571;22,71428571428571;15,104686222638499;0;
63;63;120;111;4;0;Р;Р;Р;Р;Р;О;25,698735568993953;25,698735568993953;22,71428571428571;22,109268567670405;6,584344949250802;0;
63;63;120;82;4;0;Р;Р;Р;Р;Р;О;25,698735568993953;25,698735568993953;22,71428571428571;19,642198033972353;6,584344949250802;0;
63;0;120;82;4;0;Р;О;Р;Р;Р;О;25,698735568993953;0;22,71428571428571;19,642198033972353;6,584344949250802;0;
63;0;120;49;4;0;Р;О;Р;Р;Р;О;25,698735568993953;0;22,71428571428571;15,254411512763406;6,584344949250802;0;
63;0;98;36;4;0;Р;О;Р;Р;Р;О;25,698735568993953;0;21,11453640028456;12,707292707292707;6,584344949250802;0;
63;0;89;36;4;0;Р;О;Р;Р;Р;О;25,698735568993953;0;20,32496095082497;12,707292707292707;6,584344949250802;0;
63;0;93;36;4;0;Р;О;Р;Р;Р;О;25,698735568993953;0;20,687267194795655;12,707292707292707;6,584344949250802;0;
63;0;117;36;4;0;Р;О;Р;Р;Р;О;25,698735568993953;0;22,519406237232744;12,707292707292707;6,584344949250802;0;
63;0;120;90;4;0;Р;О;Р;Р;Р;О;25,698735568993953;0;22,71428571428571;20,417335473515248;6,584344949250802;0;
63;0;120;118;4;0;Р;О;Р;Р;Р;О;25,698735568993953;0;22,71428571428571;22,58509133588131;6,584344949250802;0;
63;0;120;120;37;0;Р;О;Р;Р;Р;О;25,698735568993953;0;22,71428571428571;22,71428571428571;13,330585767795773;0;
63;0;120;120;44;0;Р;О;Р;Р;Р;О;25,698735568993953;0;22,71428571428571;22,71428571428571;14,721222597536727;0;
63;0;120;120;56;0;Р;О;Р;Р;Р;О;25,698735568993953;0;22,71428571428571;22,71428571428571;16,948922184460223;0;
63;0;120;120;56;0;Р;П;Р;Р;Р;О;25,698735568993953;25,698735568993953;22,71428571428571;22,71428571428571;16,948922184460223;0;
63;0;120;120;50;0;Р;П;Р;Р;Р;О;25,698735568993953;25,698735568993953;22,71428571428571;22,71428571428571;15,855054443138945;0;
63;0;120;120;52;0;Р;П;Р;Р;Р;О;25,698735568993953;25,698735568993953;22,71428571428571;22,71428571428571;16,2231490323181;0;
63;0;120;120;43;0;Р;П;Р;Р;Р;О;25,698735568993953;25,698735568993953;22,71428571428571;22,71428571428571;14,527232140633782;0;
63;0;120;120;53;0;Р;П;Р;Р;Р;О;25,698735568993953;25,698735568993953;22,71428571428571;22,71428571428571;16,40574101335553;0;
63;0;120;120;61;0;Р;П;Р;Р;Р;О;25,698735568993953;25,698735568993953;22,71428571428571;22,71428571428571;17,845211142819423;0;
63;0;120;120;54;0;Р;П;Р;Р;Р;О;25,698735568993953;25,698735568993953;22,71428571428571;22,71428571428571;16,58749719324568;0;
82;0;120;120;80;0;Р;П;Р;Р;Р;О;31,864236015860744;25,698735568993953;22,71428571428571;22,71428571428571;21,253132832080198;0;
84;63;120;120;4;0;Р;Р;Р;Р;Р;О;32,4794163626889;25,698735568993953;22,71428571428571;22,71428571428571;6,584344949250802;0;
71;63;120;120;4;0;Р;Р;Р;Р;Р;О;28,36795815277315;25,698735568993953;22,71428571428571;22,71428571428571;6,584344949250802;0;
63;63;120;92;4;0;Р;Р;Р;Р;Р;О;25,698735568993953;25,698735568993953;22,71428571428571;20,59846511300429;6,584344949250802;0;
63;0;120;110;4;0;Р;О;Р;Р;Р;О;25,698735568993953;0;22,71428571428571;22,038116238777757;6,584344949250802;0;
63;0;120;90;4;0;Р;О;Р;Р;Р;О;25,698735568993953;0;22,71428571428571;20,417335473515248;6,584344949250802;0;
63;0;99;36;4;0;Р;О;Р;Р;Р;О;25,698735568993953;0;21,196788365399183;12,707292707292707;6,584344949250802;0;
63;0;80;36;4;0;Р;О;Р;Р;Р;О;25,698735568993953;0;19,434682964094726;12,707292707292707;6,584344949250802;0;
63;0;72;36;4;0;Р;О;Р;Р;Р;О;25,698735568993953;0;18,542274052478135;12,707292707292707;6,584344949250802;0;
63;0;60;36;4;0;Р;О;Р;Р;Р;О;25,698735568993953;0;16,982643524699597;12,707292707292707;6,584344949250802;0;
63;0;65;36;4;0;Р;О;Р;Р;Р;О;25,698735568993953;0;17,668554332727858;12,707292707292707;6,584344949250802;0;
63;0;75;36;4;0;Р;О;Р;Р;Р;О;25,698735568993953;0;18,889218889218892;12,707292707292707;6,584344949250802;0;
63;0;120;46;4;0;Р;О;Р;Р;Р;О;25,698735568993953;0;22,71428571428571;14,72148140693403;6,584344949250802;0;
63;0;120;91;4;0;Р;О;Р;Р;Р;О;25,698735568993953;0;22,71428571428571;20,508495597172267;6,584344949250802;0;
67;0;120;120;4;0;Р;О;Р;Р;Р;О;27,047177388015232;0;22,71428571428571;22,71428571428571;6,584344949250802;0;
72;0;120;120;4;0;Р;О;Р;Р;Р;О;28,693930791068823;0;22,71428571428571;22,71428571428571;6,584344949250802;0;
63;0;120;120;40;0;Р;О;Р;Р;Р;О;25,698735568993953;0;22,71428571428571;22,71428571428571;13,935907970419064;0;
63;0;120;120;47;0;Р;П;Р;Р;Р;О;25,698735568993953;25,698735568993953;22,71428571428571;22,71428571428571;15,294252319198833;0;
63;0;120;120;70;0;Р;П;Р;Р;Р;О;25,698735568993953;25,698735568993953;22,71428571428571;22,71428571428571;19,460460071243904;0;
63;0;120;120;73;0;Р;П;Р;Р;Р;О;25,698735568993953;25,698735568993953;22,71428571428571;22,71428571428571;20,002478014186757;0;
63;0;120;120;79;0;Р;П;Р;Р;Р;О;25,698735568993953;25,698735568993953;22,71428571428571;22,71428571428571;21,07775560685187;0;
67;0;120;120;80;0;Р;П;Р;Р;Р;О;27,047177388015232;25,698735568993953;22,71428571428571;22,71428571428571;21,253132832080198;0;
67;0;120;120;80;0;Р;П;Р;Р;Р;О;27,047177388015232;25,698735568993953;22,71428571428571;22,71428571428571;21,253132832080198;0;
67;0;120;120;80;0;Р;П;Р;Р;Р;О;27,047177388015232;25,698735568993953;22,71428571428571;22,71428571428571;21,253132832080198;0;
95;0;120;120;80;0;Р;П;Р;Р;Р;О;35,75666078890794;25,698735568993953;22,71428571428571;22,71428571428571;21,253132832080198;0;
63;63;120;120;45;0;Р;Р;Р;Р;Р;О;25,698735568993953;25,698735568993953;22,71428571428571;22,71428571428571;14,91369359469736;0;
63;63;120;120;29;0;Р;Р;Р;Р;Р;О;25,698735568993953;25,698735568993953;22,71428571428571;22,71428571428571;11,658388843322992;0;
79;63;120;120;4;0;Р;Р;Р;Р;Р;О;30,92987260986457;25,698735568993953;22,71428571428571;22,71428571428571;6,584344949250802;0;
63;63;120;48;4;0;Р;Р;Р;Р;Р;О;25,698735568993953;25,698735568993953;22,71428571428571;15,080023710729103;6,584344949250802;0;
63;63;106;36;4;0;Р;Р;Р;Р;Р;О;25,698735568993953;25,698735568993953;21,744992420088376;12,707292707292707;6,584344949250802;0;
63;63;67;36;4;0;Р;Р;Р;Р;Р;О;25,698735568993953;25,698735568993953;17,927929823085176;12,707292707292707;6,584344949250802;0;
63;63;66;36;4;0;Р;Р;Р;Р;Р;О;25,698735568993953;25,698735568993953;17,799262180384176;12,707292707292707;6,584344949250802;0;
63;63;61;36;4;0;Р;Р;Р;Р;Р;О;25,698735568993953;25,698735568993953;17,124318598132906;12,707292707292707;6,584344949250802;0;
63;63;46;36;4;0;Р;Р;Р;Р;Р;О;25,698735568993953;25,698735568993953;14,72148140693403;12,707292707292707;6,584344949250802;0;
63;63;56;36;4;0;Р;Р;Р;Р;Р;О;25,698735568993953;25,698735568993953;16,39175257731959;12,707292707292707;6,584344949250802;0;
63;63;77;36;4;0;Р;Р;Р;Р;Р;О;25,698735568993953;25,698735568993953;19,112143149842918;12,707292707292707;6,584344949250802;0;
63;63;102;36;4;0;Р;Р;Р;Р;Р;О;25,698735568993953;25,698735568993953;21,43749380390602;12,707292707292707;6,584344949250802;0;
63;63;120;57;4;0;Р;Р;Р;Р;Р;О;25,698735568993953;25,698735568993953;22,71428571428571;16,54322677801355;6,584344949250802;0;
63;63;120;106;4;0;Р;Р;Р;Р;Р;О;25,698735568993953;25,698735568993953;22,71428571428571;21,744992420088376;6,584344949250802;0;
67;63;120;120;4;0;Р;Р;Р;Р;Р;О;27,047177388015232;25,698735568993953;22,71428571428571;22,71428571428571;6,584344949250802;0;
84;63;120;120;4;0;Р;Р;Р;Р;Р;О;32,4794163626889;25,698735568993953;22,71428571428571;22,71428571428571;6,584344949250802;0;
63;63;120;120;29;0;Р;Р;Р;Р;Р;О;25,698735568993953;25,698735568993953;22,71428571428571;22,71428571428571;11,658388843322992;0;
63;63;120;120;34;0;Р;Р;Р;Р;Р;О;25,698735568993953;25,698735568993953;22,71428571428571;22,71428571428571;12,712194429575288;0;
63;63;120;120;34;0;Р;Р;Р;Р;Р;О;25,698735568993953;25,698735568993953;22,71428571428571;22,71428571428571;12,712194429575288;0;
63;63;120;120;34;0;Р;Р;Р;Р;Р;О;25,698735568993953;25,698735568993953;22,71428571428571;22,71428571428571;12,712194429575288;0;
63;63;120;120;50;0;Р;Р;Р;Р;Р;О;25,698735568993953;25,698735568993953;22,71428571428571;22,71428571428571;15,855054443138945;0;
63;63;120;120;53;0;Р;Р;Р;Р;Р;О;25,698735568993953;25,698735568993953;22,71428571428571;22,71428571428571;16,40574101335553;0;
63;63;120;120;54;0;Р;Р;Р;Р;Р;О;25,698735568993953;25,698735568993953;22,71428571428571;22,71428571428571;16,58749719324568;0;
63;63;120;120;56;0;Р;Р;Р;Р;Р;О;25,698735568993953;25,698735568993953;22,71428571428571;22,71428571428571;16,948922184460223;0;
63;63;120;120;54;0;Р;Р;Р;Р;Р;О;25,698735568993953;25,698735568993953;22,71428571428571;22,71428571428571;16,58749719324568;0;
63;63;120;120;55;0;Р;Р;Р;Р;Р;О;25,698735568993953;25,698735568993953;22,71428571428571;22,71428571428571;16,768522185659872;0;
63;63;120;120;47;0;Р;Р;Р;Р;Р;О;25,698735568993953;25,698735568993953;22,71428571428571;22,71428571428571;15,294252319198833;0;
63;63;120;91;4;0;Р;Р;Р;Р;Р;О;25,698735568993953;25,698735568993953;22,71428571428571;20,508495597172267;6,584344949250802;0;
63;63;120;87;4;0;Р;Р;Р;Р;Р;О;25,698735568993953;25,698735568993953;22,71428571428571;20,136470331349965;6,584344949250802;0;
63;63;120;56;4;0;Р;Р;Р;Р;Р;О;25,698735568993953;25,698735568993953;22,71428571428571;16,39175257731959;6,584344949250802;0;
63;63;120;55;4;0;Р;Р;Р;Р;Р;О;25,698735568993953;25,698735568993953;22,71428571428571;16,23766972264129;6,584344949250802;0;
63;63;113;36;4;0;Р;Р;Р;Р;Р;О;25,698735568993953;25,698735568993953;22,249121557822395;12,707292707292707;6,584344949250802;0;
63;63;109;36;4;0;Р;Р;Р;Р;Р;О;25,698735568993953;25,698735568993953;21,966127473502432;12,707292707292707;6,584344949250802;0;
63;63;110;36;4;0;Р;Р;Р;Р;Р;О;25,698735568993953;25,698735568993953;22,038116238777757;12,707292707292707;6,584344949250802;0;
63;63;115;36;4;0;Р;Р;Р;Р;Р;О;25,698735568993953;25,698735568993953;22,38579845435764;12,707292707292707;6,584344949250802;0;
63;63;120;63;4;0;Р;Р;Р;Р;Р;О;25,698735568993953;25,698735568993953;22,71428571428571;17,400820793433653;6,584344949250802;0;
63;63;120;88;4;0;Р;Р;Р;Р;Р;О;25,698735568993953;25,698735568993953;22,71428571428571;20,231347599768654;6,584344949250802;0;
68;63;120;120;4;0;Р;Р;Р;Р;Р;О;27,379932297992195;25,698735568993953;22,71428571428571;22,71428571428571;6,584344949250802;0;
80;63;120;120;4;0;Р;Р;Р;Р;Р;О;31,24288829293967;25,698735568993953;22,71428571428571;22,71428571428571;6,584344949250802;0;
63;63;120;120;38;0;Р;Р;Р;Р;Р;О;25,698735568993953;25,698735568993953;22,71428571428571;22,71428571428571;13,533880090169026;0;
63;63;120;120;49;0;Р;Р;Р;Р;Р;О;25,698735568993953;25,698735568993953;22,71428571428571;22,71428571428571;15,669361348119045;0;
63;63;120;120;40;0;Р;Р;Р;Р;Р;О;25,698735568993953;25,698735568993953;22,71428571428571;22,71428571428571;13,935907970419064;0;
63;63;120;120;46;0;Р;Р;Р;Р;Р;О;25,698735568993953;25,698735568993953;22,71428571428571;22,71428571428571;15,104686222638499;0;
63;63;120;120;47;0;Р;Р;Р;Р;Р;О;25,698735568993953;25,698735568993953;22,71428571428571;22,71428571428571;15,294252319198833;0;
63;63;120;120;58;0;Р;Р;Р;Р;Р;О;25,698735568993953;25,698735568993953;22,71428571428571;22,71428571428571;17,308272212553625;0;
63;63;120;120;60;0;Р;Р;Р;Р;Р;О;25,698735568993953;25,698735568993953;22,71428571428571;22,71428571428571;17,666379127943884;0;
63;63;120;120;61;0;Р;Р;Р;Р;Р;О;25,698735568993953;25,698735568993953;22,71428571428571;22,71428571428571;17,845211142819423;0;
63;63;120;120;70;0;Р;Р;Р;Р;Р;О;25,698735568993953;25,698735568993953;22,71428571428571;22,71428571428571;19,460460071243904;0;
63;63;120;120;68;0;Р;Р;Р;Р;Р;О;25,698735568993953;25,698735568993953;22,71428571428571;22,71428571428571;19,099900843247664;0;
63;63;120;120;67;0;Р;Р;Р;Р;Р;О;25,698735568993953;25,698735568993953;22,71428571428571;22,71428571428571;18,920002758555523;0;
63;63;120;120;69;0;Р;Р;Р;Р;Р;О;25,698735568993953;25,698735568993953;22,71428571428571;22,71428571428571;19,280061708853214;0;
63;63;120;120;45;0;Р;Р;Р;Р;Р;О;25,698735568993953;25,698735568993953;22,71428571428571;22,71428571428571;14,91369359469736;0;
78;63;120;120;4;0;Р;Р;Р;Р;Р;О;30,615279981863523;25,698735568993953;22,71428571428571;22,71428571428571;6,584344949250802;0;
63;63;120;58;4;0;Р;Р;Р;Р;Р;О;25,698735568993953;25,698735568993953;22,71428571428571;16,692158016199826;6,584344949250802;0;
63;63;120;44;4;0;Р;Р;Р;Р;Р;О;25,698735568993953;25,698735568993953;22,71428571428571;14,349297507947906;6,584344949250802;0;
63;63;120;38;4;0;Р;Р;Р;Р;Р;О;25,698735568993953;25,698735568993953;22,71428571428571;13,142639621512862;6,584344949250802;0;
63;63;98;36;4;0;Р;Р;Р;Р;Р;О;25,698735568993953;25,698735568993953;21,11453640028456;12,707292707292707;6,584344949250802;0;
63;63;116;36;4;0;Р;Р;Р;Р;Р;О;25,698735568993953;25,698735568993953;22,45297948749163;12,707292707292707;6,584344949250802;0;
63;63;120;39;4;0;Р;Р;Р;Р;Р;О;25,698735568993953;25,698735568993953;22,71428571428571;13,353791488330776;6,584344949250802;0;
63;63;120;85;4;0;Р;Р;Р;Р;Р;О;25,698735568993953;25,698735568993953;22,71428571428571;19,94282025269759;6,584344949250802;0;
63;63;120;118;4;0;Р;Р;Р;Р;Р;О;25,698735568993953;25,698735568993953;22,71428571428571;22,58509133588131;6,584344949250802;0;
63;63;120;120;37;0;Р;Р;Р;Р;Р;О;25,698735568993953;25,698735568993953;22,71428571428571;22,71428571428571;13,330585767795773;0;
63;63;120;120;42;0;Р;Р;Р;Р;Р;О;25,698735568993953;25,698735568993953;22,71428571428571;22,71428571428571;14,331692561127086;0;
63;63;120;120;51;0;Р;Р;Р;Р;Р;О;25,698735568993953;25,698735568993953;22,71428571428571;22,71428571428571;16,03961944560993;0;
63;63;120;120;53;0;Р;Р;Р;Р;Р;О;25,698735568993953;25,698735568993953;22,71428571428571;22,71428571428571;16,40574101335553;0;
63;63;120;120;55;0;Р;Р;Р;Р;Р;О;25,698735568993953;25,698735568993953;22,71428571428571;22,71428571428571;16,768522185659872;0;
63;63;120;120;56;0;Р;Р;Р;Р;Р;О;25,698735568993953;25,698735568993953;22,71428571428571;22,71428571428571;16,948922184460223;0;
63;63;120;120;70;0;Р;Р;Р;Р;Р;О;25,698735568993953;25,698735568993953;22,71428571428571;22,71428571428571;19,460460071243904;0;
63;63;120;120;69;0;Р;Р;Р;Р;Р;О;25,698735568993953;25,698735568993953;22,71428571428571;22,71428571428571;19,280061708853214;0;
63;63;120;120;66;0;Р;Р;Р;Р;Р;О;25,698735568993953;25,698735568993953;22,71428571428571;22,71428571428571;18,740372292143416;0;
63;63;120;120;80;0;Р;Р;Р;Р;Р;О;25,698735568993953;25,698735568993953;22,71428571428571;22,71428571428571;21,253132832080198;0;
73;63;120;120;80;0;Р;Р;Р;Р;Р;О;29,018240261231156;25,698735568993953;22,71428571428571;22,71428571428571;21,253132832080198;0;
69;63;120;120;80;0;Р;Р;Р;Р;Р;О;27,710971932266297;25,698735568993953;22,71428571428571;22,71428571428571;21,253132832080198;0;
79;63;120;120;80;0;Р;Р;Р;Р;Р;О;30,92987260986457;25,698735568993953;22,71428571428571;22,71428571428571;21,253132832080198;0;
74;63;120;120;80;0;Р;Р;Р;Р;Р;О;29,34089925952314;25,698735568993953;22,71428571428571;22,71428571428571;21,253132832080198;0;
63;63;120;120;57;0;Р;Р;Р;Р;Р;О;25,698735568993953;25,698735568993953;22,71428571428571;22,71428571428571;17,1288036929731;0;
63;63;120;120;47;0;Р;Р;Р;Р;Р;О;25,698735568993953;25,698735568993953;22,71428571428571;22,71428571428571;15,294252319198833;0;
63;63;120;120;39;0;Р;Р;Р;Р;Р;О;25,698735568993953;25,698735568993953;22,71428571428571;22,71428571428571;13,735665605153141;0;
84;63;120;120;4;0;Р;Р;Р;Р;Р;О;32,4794163626889;25,698735568993953;22,71428571428571;22,71428571428571;6,584344949250802;0;
69;63;120;120;4;0;Р;Р;Р;Р;Р;О;27,710971932266297;25,698735568993953;22,71428571428571;22,71428571428571;6,584344949250802;0;
63;63;120;119;4;0;Р;Р;Р;Р;Р;О;25,698735568993953;25,698735568993953;22,71428571428571;22,650047135225726;6,584344949250802;0;
63;63;120;110;4;0;Р;Р;Р;Р;Р;О;25,698735568993953;25,698735568993953;22,71428571428571;22,038116238777757;6,584344949250802;0;
63;63;120;106;4;0;Р;Р;Р;Р;Р;О;25,698735568993953;25,698735568993953;22,71428571428571;21,744992420088376;6,584344949250802;0;
63;63;120;114;4;0;Р;Р;Р;Р;Р;О;25,698735568993953;25,698735568993953;22,71428571428571;22,31785021700988;6,584344949250802;0;
63;63;120;120;38;0;Р;Р;Р;Р;Р;О;25,698735568993953;25,698735568993953;22,71428571428571;22,71428571428571;13,533880090169026;0;
63;63;120;120;78;0;Р;Р;Р;Р;Р;О;25,698735568993953;25,698735568993953;22,71428571428571;22,71428571428571;20,9007704057014;0;
81;63;120;120;80;0;Р;Р;Р;Р;Р;П;31,55433885847146;25,698735568993953;22,71428571428571;22,71428571428571;21,253132832080198;10,5893735636289;
63;63;120;120;80;54;Р;Р;Р;Р;Р;Р;25,698735568993953;25,698735568993953;22,71428571428571;22,71428571428571;21,253132832080198;22,558996219737796;
63;63;120;120;80;60;Р;Р;Р;Р;Р;Р;25,698735568993953;25,698735568993953;22,71428571428571;22,71428571428571;21,253132832080198;24,668724768463548;
63;63;120;120;80;67;Р;Р;Р;Р;Р;Р;25,698735568993953;25,698735568993953;22,71428571428571;22,71428571428571;21,253132832080198;27,047177388015232;
63;63;120;120;80;67;Р;Р;Р;Р;Р;Р;25,698735568993953;25,698735568993953;22,71428571428571;22,71428571428571;21,253132832080198;27,047177388015232;
73;63;120;120;80;80;Р;Р;Р;Р;Р;Р;29,018240261231156;25,698735568993953;22,71428571428571;22,71428571428571;21,253132832080198;31,24288829293967;
70;63;120;120;80;80;Р;Р;Р;Р;Р;Р;28,04030951952492;25,698735568993953;22,71428571428571;22,71428571428571;21,253132832080198;31,24288829293967;
71;63;120;120;80;80;Р;Р;Р;Р;Р;Р;28,36795815277315;25,698735568993953;22,71428571428571;22,71428571428571;21,253132832080198;31,24288829293967;
63;63;120;120;80;72;Р;Р;Р;Р;Р;Р;25,698735568993953;25,698735568993953;22,71428571428571;22,71428571428571;21,253132832080198;28,693930791068823;
92;63;120;120;80;0;Р;Р;Р;Р;Р;О;34,88026472663568;25,698735568993953;22,71428571428571;22,71428571428571;21,253132832080198;0;
107;63;120;120;80;0;Р;Р;Р;Р;Р;П;39,138806075259986;25,698735568993953;22,71428571428571;22,71428571428571;21,253132832080198;10,5893735636289;
63;63;120;120;80;52;Р;Р;Р;Р;Р;Р;25,698735568993953;25,698735568993953;22,71428571428571;22,71428571428571;21,253132832080198;21,840588695113077;
63;63;120;120;80;44;Р;Р;Р;Р;Р;Р;25,698735568993953;25,698735568993953;22,71428571428571;22,71428571428571;21,253132832080198;18,887793052150197;
98;63;120;120;80;0;Р;Р;Р;Р;Р;О;36,62044653349001;25,698735568993953;22,71428571428571;22,71428571428571;21,253132832080198;0;
82;63;120;120;80;0;Р;Р;Р;Р;Р;О;31,864236015860744;25,698735568993953;22,71428571428571;22,71428571428571;21,253132832080198;0;
63;63;120;120;40;0;Р;Р;Р;Р;Р;О;25,698735568993953;25,698735568993953;22,71428571428571;22,71428571428571;13,935907970419064;0;
63;63;120;120;35;0;Р;Р;Р;Р;Р;О;25,698735568993953;25,698735568993953;22,71428571428571;22,71428571428571;12,919675180682868;0;
79;63;120;120;4;0;Р;Р;Р;Р;Р;О;30,92987260986457;25,698735568993953;22,71428571428571;22,71428571428571;6,584344949250802;0;
75;63;120;120;4;0;Р;Р;Р;Р;Р;О;29,66192035330846;25,698735568993953;22,71428571428571;22,71428571428571;6,584344949250802;0;
67;63;120;120;4;0;Р;Р;Р;Р;Р;О;27,047177388015232;25,698735568993953;22,71428571428571;22,71428571428571;6,584344949250802;0;
63;63;120;119;4;0;Р;Р;Р;Р;Р;О;25,698735568993953;25,698735568993953;22,71428571428571;22,650047135225726;6,584344949250802;0;
63;63;120;120;4;0;Р;Р;Р;Р;Р;О;25,698735568993953;25,698735568993953;22,71428571428571;22,71428571428571;6,584344949250802;0;
63;63;120;120;30;0;Р;Р;Р;Р;Р;О;25,698735568993953;25,698735568993953;22,71428571428571;22,71428571428571;11,87094622166841;0;
63;63;120;120;73;0;Р;Р;Р;Р;Р;О;25,698735568993953;25,698735568993953;22,71428571428571;22,71428571428571;20,002478014186757;0;
85;63;120;120;80;0;Р;Р;Р;Р;Р;П;32,78472239411867;25,698735568993953;22,71428571428571;22,71428571428571;21,253132832080198;10,5893735636289;
63;63;120;120;80;77;Р;Р;Р;Р;Р;Р;25,698735568993953;25,698735568993953;22,71428571428571;22,71428571428571;21,253132832080198;30,299098462082373;
66;63;120;120;80;80;Р;Р;Р;Р;Р;Р;26,712693836203538;25,698735568993953;22,71428571428571;22,71428571428571;21,253132832080198;31,24288829293967;
83;63;120;120;80;80;Р;Р;Р;Р;Р;Р;32,17259135799398;25,698735568993953;22,71428571428571;22,71428571428571;21,253132832080198;31,24288829293967;
87;63;120;120;80;80;Р;Р;Р;Р;Р;Р;33,3908224340501;25,698735568993953;22,71428571428571;22,71428571428571;21,253132832080198;31,24288829293967;
63;63;120;120;80;76;Р;Р;Р;Р;Р;Р;25,698735568993953;25,698735568993953;22,71428571428571;22,71428571428571;21,253132832080198;29,981315982683103;
63;63;120;120;80;71;Р;Р;Р;Р;Р;Р;25,698735568993953;25,698735568993953;22,71428571428571;22,71428571428571;21,253132832080198;28,36795815277315;
63;63;120;120;80;70;Р;Р;Р;Р;Р;Р;25,698735568993953;25,698735568993953;22,71428571428571;22,71428571428571;21,253132832080198;28,04030951952492;
63;63;120;120;80;70;Р;Р;Р;Р;Р;Р;25,698735568993953;25,698735568993953;22,71428571428571;22,71428571428571;21,253132832080198;28,04030951952492;
63;63;120;120;80;51;Р;Р;Р;Р;Р;Р;25,698735568993953;25,698735568993953;22,71428571428571;22,71428571428571;21,253132832080198;21,478472391145708;
63;63;120;120;80;55;Р;Р;Р;Р;Р;Р;25,698735568993953;25,698735568993953;22,71428571428571;22,71428571428571;21,253132832080198;22,915318591406187;
63;63;120;120;80;57;Р;Р;Р;Р;Р;Р;25,698735568993953;25,698735568993953;22,71428571428571;22,71428571428571;21,253132832080198;23,62227718822309;
63;63;120;120;80;53;Р;Р;Р;Р;Р;Р;25,698735568993953;25,698735568993953;22,71428571428571;22,71428571428571;21,253132832080198;22,200758084894755;
63;63;120;120;80;44;Р;Р;Р;Р;Р;Р;25,698735568993953;25,698735568993953;22,71428571428571;22,71428571428571;21,253132832080198;18,887793052150197;
100;63;120;120;80;0;Р;Р;Р;Р;Р;О;37,18943172868088;25,698735568993953;22,71428571428571;22,71428571428571;21,253132832080198;0;
63;63;120;120;41;0;Р;Р;Р;Р;Р;О;25,698735568993953;25,698735568993953;22,71428571428571;22,71428571428571;14,134586214635386;0;
78;63;120;120;4;0;Р;Р;Р;Р;Р;О;30,615279981863523;25,698735568993953;22,71428571428571;22,71428571428571;6,584344949250802;0;
69;63;120;120;4;0;Р;Р;Р;Р;Р;О;27,710971932266297;25,698735568993953;22,71428571428571;22,71428571428571;6,584344949250802;0;
63;63;120;105;4;0;Р;Р;Р;Р;Р;О;25,698735568993953;25,698735568993953;22,71428571428571;21,669505962521292;6,584344949250802;0;
63;63;120;106;4;0;Р;Р;Р;Р;Р;О;25,698735568993953;25,698735568993953;22,71428571428571;21,744992420088376;6,584344949250802;0;
63;63;120;109;4;0;Р;Р;Р;Р;Р;О;25,698735568993953;25,698735568993953;22,71428571428571;21,966127473502432;6,584344949250802;0;
63;63;120;112;4;0;Р;Р;Р;Р;Р;О;25,698735568993953;25,698735568993953;22,71428571428571;22,179598953792503;6,584344949250802;0;
81;63;120;120;4;0;Р;Р;Р;Р;Р;О;31,55433885847146;25,698735568993953;22,71428571428571;22,71428571428571;6,584344949250802;0;
63;63;120;120;55;0;Р;Р;Р;Р;Р;О;25,698735568993953;25,698735568993953;22,71428571428571;22,71428571428571;16,768522185659872;0;
63;63;120;120;69;0;Р;Р;Р;Р;Р;П;25,698735568993953;25,698735568993953;22,71428571428571;22,71428571428571;19,280061708853214;10,5893735636289;
63;63;120;120;80;52;Р;Р;Р;Р;Р;Р;25,698735568993953;25,698735568993953;22,71428571428571;22,71428571428571;21,253132832080198;21,840588695113077;
63;63;120;120;80;48;Р;Р;Р;Р;Р;Р;25,698735568993953;25,698735568993953;22,71428571428571;22,71428571428571;21,253132832080198;20,380282841494317;
63;63;120;120;80;54;Р;Р;Р;Р;Р;Р;25,698735568993953;25,698735568993953;22,71428571428571;22,71428571428571;21,253132832080198;22,558996219737796;
63;63;120;120;80;60;Р;Р;Р;Р;Р;Р;25,698735568993953;25,698735568993953;22,71428571428571;22,71428571428571;21,253132832080198;24,668724768463548;
63;63;120;120;80;43;Р;Р;Р;Р;Р;Р;25,698735568993953;25,698735568993953;22,71428571428571;22,71428571428571;21,253132832080198;18,509516837481698;
63;63;120;120;80;64;Р;Р;Р;Р;Р;Р;25,698735568993953;25,698735568993953;22,71428571428571;22,71428571428571;21,253132832080198;26,038486644559914;
63;63;120;120;80;62;Р;Р;Р;Р;Р;Р;25,698735568993953;25,698735568993953;22,71428571428571;22,71428571428571;21,253132832080198;25,357200976403583;
63;63;120;120;80;60;Р;Р;Р;Р;Р;Р;25,698735568993953;25,698735568993953;22,71428571428571;22,71428571428571;21,253132832080198;24,668724768463548;
100;63;120;120;80;0;Р;Р;Р;Р;Р;О;37,18943172868088;25,698735568993953;22,71428571428571;22,71428571428571;21,253132832080198;0;
110;63;120;120;80;0;Р;Р;Р;Р;Р;П;39,95477750064104;25,698735568993953;22,71428571428571;22,71428571428571;21,253132832080198;10,5893735636289;
63;63;120;120;80;51;Р;Р;Р;Р;Р;Р;25,698735568993953;25,698735568993953;22,71428571428571;22,71428571428571;21,253132832080198;21,478472391145708;
63;63;120;120;80;48;Р;Р;Р;Р;Р;Р;25,698735568993953;25,698735568993953;22,71428571428571;22,71428571428571;21,253132832080198;20,380282841494317;
93;63;120;120;80;0;Р;Р;Р;Р;Р;О;35,17381489841986;25,698735568993953;22,71428571428571;22,71428571428571;21,253132832080198;0;
92;63;120;120;80;0;Р;Р;Р;Р;Р;О;34,88026472663568;25,698735568993953;22,71428571428571;22,71428571428571;21,253132832080198;0;
63;63;120;120;42;0;Р;Р;Р;Р;Р;О;25,698735568993953;25,698735568993953;22,71428571428571;22,71428571428571;14,331692561127086;0;
63;63;120;120;31;0;Р;Р;Р;Р;Р;О;25,698735568993953;25,698735568993953;22,71428571428571;22,71428571428571;12,08273386720615;0;
63;63;120;120;29;0;Р;Р;Р;Р;Р;О;25,698735568993953;25,698735568993953;22,71428571428571;22,71428571428571;11,658388843322992;0;
63;63;120;118;4;0;Р;Р;Р;Р;Р;О;25,698735568993953;25,698735568993953;22,71428571428571;22,58509133588131;6,584344949250802;0;
63;63;120;110;4;0;Р;Р;Р;Р;Р;О;25,698735568993953;25,698735568993953;22,71428571428571;22,038116238777757;6,584344949250802;0;
63;63;120;108;4;0;Р;Р;Р;Р;Р;О;25,698735568993953;25,698735568993953;22,71428571428571;21,893287435456106;6,584344949250802;0;
64;63;120;120;4;0;Р;Р;Р;Р;Р;О;26,038486644559914;25,698735568993953;22,71428571428571;22,71428571428571;6,584344949250802;0;
63;63;120;120;28;0;Р;Р;Р;Р;Р;О;25,698735568993953;25,698735568993953;22,71428571428571;22,71428571428571;11,445205345524995;0;
63;63;120;120;63;0;Р;Р;Р;Р;Р;О;25,698735568993953;25,698735568993953;22,71428571428571;22,71428571428571;18,20286854350266;0;
67;63;120;120;80;0;Р;Р;Р;Р;Р;П;27,047177388015232;25,698735568993953;22,71428571428571;22,71428571428571;21,253132832080198;10,5893735636289;
63;63;120;120;80;56;Р;Р;Р;Р;Р;Р;25,698735568993953;25,698735568993953;22,71428571428571;22,71428571428571;21,253132832080198;23,269740526414036;
63;63;120;120;80;67;Р;Р;Р;Р;Р;Р;25,698735568993953;25,698735568993953;22,71428571428571;22,71428571428571;21,253132832080198;27,047177388015232;
63;63;120;120;80;75;Р;Р;Р;Р;Р;Р;25,698735568993953;25,698735568993953;22,71428571428571;22,71428571428571;21,253132832080198;29,66192035330846;
64;63;120;120;80;80;Р;Р;Р;Р;Р;Р;26,038486644559914;25,698735568993953;22,71428571428571;22,71428571428571;21,253132832080198;31,24288829293967;
69;63;120;120;80;80;Р;Р;Р;Р;Р;Р;27,710971932266297;25,698735568993953;22,71428571428571;22,71428571428571;21,253132832080198;31,24288829293967;
64;63;120;120;80;80;Р;Р;Р;Р;Р;Р;26,038486644559914;25,698735568993953;22,71428571428571;22,71428571428571;21,253132832080198;31,24288829293967;
63;63;120;120;80;77;Р;Р;Р;Р;Р;Р;25,698735568993953;25,698735568993953;22,71428571428571;22,71428571428571;21,253132832080198;30,299098462082373;
63;63;120;120;80;69;Р;Р;Р;Р;Р;Р;25,698735568993953;25,698735568993953;22,71428571428571;22,71428571428571;21,253132832080198;27,710971932266297;
63;63;120;120;80;44;Р;Р;Р;Р;Р;Р;25,698735568993953;25,698735568993953;22,71428571428571;22,71428571428571;21,253132832080198;18,887793052150197;
63;63;120;120;80;46;Р;Р;Р;Р;Р;Р;25,698735568993953;25,698735568993953;22,71428571428571;22,71428571428571;21,253132832080198;19,638127071974573;
63;63;120;120;80;55;Р;Р;Р;Р;Р;Р;25,698735568993953;25,698735568993953;22,71428571428571;22,71428571428571;21,253132832080198;22,915318591406187;
63;63;120;120;80;51;Р;Р;Р;Р;Р;Р;25,698735568993953;25,698735568993953;22,71428571428571;22,71428571428571;21,253132832080198;21,478472391145708;
63;63;120;120;80;39;Р;Р;Р;Р;Р;Р;25,698735568993953;25,698735568993953;22,71428571428571;22,71428571428571;21,253132832080198;16,97527863906813;
63;63;120;120;70;0;Р;Р;Р;Р;Р;О;25,698735568993953;25,698735568993953;22,71428571428571;22,71428571428571;19,460460071243904;0;
74;63;120;120;4;0;Р;Р;Р;Р;Р;О;29,34089925952314;25,698735568993953;22,71428571428571;22,71428571428571;6,584344949250802;0;
63;63;120;117;4;0;Р;Р;Р;Р;Р;О;25,698735568993953;25,698735568993953;22,71428571428571;22,519406237232744;6,584344949250802;0;
63;63;120;111;4;0;Р;Р;Р;Р;Р;О;25,698735568993953;25,698735568993953;22,71428571428571;22,109268567670405;6,584344949250802;0;
63;63;120;104;4;0;Р;Р;Р;Р;Р;О;25,698735568993953;25,698735568993953;22,71428571428571;21,59310524941238;6,584344949250802;0;
63;63;120;96;4;0;Р;Р;Р;Р;Р;О;25,698735568993953;25,698735568993953;22,71428571428571;20,946891724989708;6,584344949250802;0;
63;63;120;95;4;0;Р;Р;Р;Р;Р;О;25,698735568993953;25,698735568993953;22,71428571428571;20,861458782908937;6,584344949250802;0;
63;63;120;91;4;0;Р;Р;Р;Р;Р;О;25,698735568993953;25,698735568993953;22,71428571428571;20,508495597172267;6,584344949250802;0;
63;63;120;114;4;0;Р;Р;Р;Р;Р;О;25,698735568993953;25,698735568993953;22,71428571428571;22,31785021700988;6,584344949250802;0;
82;63;120;120;4;0;Р;Р;Р;Р;Р;О;31,864236015860744;25,698735568993953;22,71428571428571;22,71428571428571;6,584344949250802;0;
63;63;120;120;44;0;Р;Р;Р;Р;Р;О;25,698735568993953;25,698735568993953;22,71428571428571;22,71428571428571;14,721222597536727;0;
71;63;120;120;80;0;Р;Р;Р;Р;Р;О;28,36795815277315;25,698735568993953;22,71428571428571;22,71428571428571;21,253132832080198;0;
72;63;120;120;80;0;Р;Р;Р;Р;Р;О;28,693930791068823;25,698735568993953;22,71428571428571;22,71428571428571;21,253132832080198;0;
100;63;120;120;80;0;Р;Р;Р;Р;Р;П;37,18943172868088;25,698735568993953;22,71428571428571;22,71428571428571;21,253132832080198;10,5893735636289;
63;63;120;120;80;42;Р;Р;Р;Р;Р;Р;25,698735568993953;25,698735568993953;22,71428571428571;22,71428571428571;21,253132832080198;18,12914485165794;
63;63;120;120;80;44;Р;Р;Р;Р;Р;Р;25,698735568993953;25,698735568993953;22,71428571428571;22,71428571428571;21,253132832080198;18,887793052150197;
63;63;120;120;80;45;Р;Р;Р;Р;Р;Р;25,698735568993953;25,698735568993953;22,71428571428571;22,71428571428571;21,253132832080198;19,26399076897717;
63;63;120;120;80;38;Р;Р;Р;Р;Р;Р;25,698735568993953;25,698735568993953;22,71428571428571;22,71428571428571;21,253132832080198;16,586346956497383;
98;63;120;120;80;0;Р;Р;Р;Р;Р;О;36,62044653349001;25,698735568993953;22,71428571428571;22,71428571428571;21,253132832080198;0;
90;63;120;120;80;0;Р;Р;Р;Р;Р;О;34,28885791828652;25,698735568993953;22,71428571428571;22,71428571428571;21,253132832080198;0;
100;63;120;120;80;0;Р;Р;Р;Р;Р;О;37,18943172868088;25,698735568993953;22,71428571428571;22,71428571428571;21,253132832080198;0;
93;63;120;120;80;0;Р;Р;Р;Р;Р;О;35,17381489841986;25,698735568993953;22,71428571428571;22,71428571428571;21,253132832080198;0;
94;63;120;120;80;0;Р;Р;Р;Р;Р;О;35,46594348531441;25,698735568993953;22,71428571428571;22,71428571428571;21,253132832080198;0;
88;63;120;120;80;0;Р;Р;Р;Р;Р;О;33,69163861519939;25,698735568993953;22,71428571428571;22,71428571428571;21,253132832080198;0;
63;63;120;120;80;0;Р;Р;Р;Р;Р;О;25,698735568993953;25,698735568993953;22,71428571428571;22,71428571428571;21,253132832080198;0;
63;63;120;120;27;0;Р;Р;Р;Р;Р;О;25,698735568993953;25,698735568993953;22,71428571428571;22,71428571428571;11,231548259213204;0;
63;63;120;119;4;0;Р;Р;Р;Р;Р;О;25,698735568993953;25,698735568993953;22,71428571428571;22,650047135225726;6,584344949250802;0;
63;63;120;105;4;0;Р;Р;Р;Р;Р;О;25,698735568993953;25,698735568993953;22,71428571428571;21,669505962521292;6,584344949250802;0;
63;63;120;92;4;0;Р;Р;Р;Р;Р;О;25,698735568993953;25,698735568993953;22,71428571428571;20,59846511300429;6,584344949250802;0;
63;63;120;86;4;0;Р;Р;Р;Р;Р;О;25,698735568993953;25,698735568993953;22,71428571428571;20,040303374491625;6,584344949250802;0;
63;63;120;84;4;0;Р;Р;Р;Р;Р;О;25,698735568993953;25,698735568993953;22,71428571428571;19,84399375975039;6,584344949250802;0;
63;63;120;104;4;0;Р;Р;Р;Р;Р;О;25,698735568993953;25,698735568993953;22,71428571428571;21,59310524941238;6,584344949250802;0;
71;63;120;120;4;0;Р;Р;Р;Р;Р;О;28,36795815277315;25,698735568993953;22,71428571428571;22,71428571428571;6,584344949250802;0;
63;63;120;120;60;0;Р;Р;Р;Р;Р;О;25,698735568993953;25,698735568993953;22,71428571428571;22,71428571428571;17,666379127943884;0;
63;63;120;120;72;0;Р;Р;Р;Р;Р;П;25,698735568993953;25,698735568993953;22,71428571428571;22,71428571428571;19,82175381381766;10,5893735636289;
63;63;120;120;80;46;Р;Р;Р;Р;Р;Р;25,698735568993953;25,698735568993953;22,71428571428571;22,71428571428571;21,253132832080198;19,638127071974573;
63;63;120;120;80;53;Р;Р;Р;Р;Р;Р;25,698735568993953;25,698735568993953;22,71428571428571;22,71428571428571;21,253132832080198;22,200758084894755;
63;63;120;120;80;57;Р;Р;Р;Р;Р;Р;25,698735568993953;25,698735568993953;22,71428571428571;22,71428571428571;21,253132832080198;23,62227718822309;
63;63;120;120;80;55;Р;Р;Р;Р;Р;Р;25,698735568993953;25,698735568993953;22,71428571428571;22,71428571428571;21,253132832080198;22,915318591406187;
63;63;120;120;80;64;Р;Р;Р;Р;Р;Р;25,698735568993953;25,698735568993953;22,71428571428571;22,71428571428571;21,253132832080198;26,038486644559914;
63;63;120;120;80;69;Р;Р;Р;Р;Р;Р;25,698735568993953;25,698735568993953;22,71428571428571;22,71428571428571;21,253132832080198;27,710971932266297;
63;63;120;120;80;69;Р;Р;Р;Р;Р;Р;25,698735568993953;25,698735568993953;22,71428571428571;22,71428571428571;21,253132832080198;27,710971932266297;
63;63;120;120;80;60;Р;Р;Р;Р;Р;Р;25,698735568993953;25,698735568993953;22,71428571428571;22,71428571428571;21,253132832080198;24,668724768463548;
83;63;120;120;80;0;Р;Р;Р;Р;Р;О;32,17259135799398;25,698735568993953;22,71428571428571;22,71428571428571;21,253132832080198;0;
87;63;120;120;80;0;Р;Р;Р;Р;Р;О;33,3908224340501;25,698735568993953;22,71428571428571;22,71428571428571;21,253132832080198;0;
74;63;120;120;80;0;Р;Р;Р;Р;Р;О;29,34089925952314;25,698735568993953;22,71428571428571;22,71428571428571;21,253132832080198;0;
67;63;120;120;80;0;Р;Р;Р;Р;Р;О;27,047177388015232;25,698735568993953;22,71428571428571;22,71428571428571;21,253132832080198;0;
63;63;120;120;76;0;Р;Р;Р;Р;Р;О;25,698735568993953;25,698735568993953;22,71428571428571;22,71428571428571;20,543326781615015;0;
63;63;120;120;55;0;Р;Р;Р;Р;Р;О;25,698735568993953;25,698735568993953;22,71428571428571;22,71428571428571;16,768522185659872;0;
63;63;120;120;30;0;Р;Р;Р;Р;Р;О;25,698735568993953;25,698735568993953;22,71428571428571;22,71428571428571;11,87094622166841;0;
82;63;120;120;4;0;Р;Р;Р;Р;Р;О;31,864236015860744;25,698735568993953;22,71428571428571;22,71428571428571;6,584344949250802;0;
64;63;120;120;4;0;Р;Р;Р;Р;Р;О;26,038486644559914;25,698735568993953;22,71428571428571;22,71428571428571;6,584344949250802;0;
63;63;120;111;4;0;Р;Р;Р;Р;Р;О;25,698735568993953;25,698735568993953;22,71428571428571;22,109268567670405;6,584344949250802;0;
63;63;120;106;4;0;Р;Р;Р;Р;Р;О;25,698735568993953;25,698735568993953;22,71428571428571;21,744992420088376;6,584344949250802;0;
63;63;120;96;4;0;Р;Р;Р;Р;Р;О;25,698735568993953;25,698735568993953;22,71428571428571;20,946891724989708;6,584344949250802;0;
63;63;120;88;4;0;Р;Р;Р;Р;Р;О;25,698735568993953;25,698735568993953;22,71428571428571;20,231347599768654;6,584344949250802;0;
63;63;120;92;4;0;Р;Р;Р;Р;Р;О;25,698735568993953;25,698735568993953;22,71428571428571;20,59846511300429;6,584344949250802;0;
63;63;120;108;4;0;Р;Р;Р;Р;Р;О;25,698735568993953;25,698735568993953;22,71428571428571;21,893287435456106;6,584344949250802;0;
74;63;120;120;4;0;Р;Р;Р;Р;Р;О;29,34089925952314;25,698735568993953;22,71428571428571;22,71428571428571;6,584344949250802;0;
63;63;120;120;44;0;Р;Р;Р;Р;Р;О;25,698735568993953;25,698735568993953;22,71428571428571;22,71428571428571;14,721222597536727;0;
63;63;120;120;60;0;Р;Р;Р;Р;Р;О;25,698735568993953;25,698735568993953;22,71428571428571;22,71428571428571;17,666379127943884;0;
63;63;120;120;61;0;Р;Р;Р;Р;Р;О;25,698735568993953;25,698735568993953;22,71428571428571;22,71428571428571;17,845211142819423;0;
63;63;120;120;62;0;Р;Р;Р;Р;Р;О;25,698735568993953;25,698735568993953;22,71428571428571;22,71428571428571;18,024014491916056;0;
63;63;120;120;68;0;Р;Р;Р;Р;Р;О;25,698735568993953;25,698735568993953;22,71428571428571;22,71428571428571;19,099900843247664;0;
63;63;120;120;66;0;Р;Р;Р;Р;Р;О;25,698735568993953;25,698735568993953;22,71428571428571;22,71428571428571;18,740372292143416;0;
63;63;120;120;64;0;Р;Р;Р;Р;Р;О;25,698735568993953;25,698735568993953;22,71428571428571;22,71428571428571;18,381842901140367;0;
63;63;120;120;67;0;Р;Р;Р;Р;Р;О;25,698735568993953;25,698735568993953;22,71428571428571;22,71428571428571;18,920002758555523;0;
63;63;120;120;64;0;Р;Р;Р;Р;Р;О;25,698735568993953;25,698735568993953;22,71428571428571;22,71428571428571;18,381842901140367;0;
65;63;120;120;80;0;Р;Р;Р;Р;Р;О;26,376468137191072;25,698735568993953;22,71428571428571;22,71428571428571;21,253132832080198;0;
74;63;120;120;80;0;Р;Р;Р;Р;Р;О;29,34089925952314;25,698735568993953;22,71428571428571;22,71428571428571;21,253132832080198;0;
67;63;120;120;80;0;Р;Р;Р;Р;Р;О;27,047177388015232;25,698735568993953;22,71428571428571;22,71428571428571;21,253132832080198;0;
63;63;120;120;75;0;Р;Р;Р;Р;Р;О;25,698735568993953;25,698735568993953;22,71428571428571;22,71428571428571;20,363440017535236;0;
63;63;120;120;62;0;Р;Р;Р;Р;Р;О;25,698735568993953;25,698735568993953;22,71428571428571;22,71428571428571;18,024014491916056;0;
63;63;106;36;4;0;Р;Р;Р;Р;Р;О;25,698735568993953;25,698735568993953;21,744992420088376;12,707292707292707;6,584344949250802;0;
63;63;86;36;4;0;Р;Р;Р;Р;Р;О;25,698735568993953;25,698735568993953;20,040303374491625;12,707292707292707;6,584344949250802;0;
63;63;66;36;4;0;Р;Р;Р;Р;Р;О;25,698735568993953;25,698735568993953;17,799262180384176;12,707292707292707;6,584344949250802;0;
63;63;68;36;4;0;Р;Р;Р;Р;Р;О;25,698735568993953;25,698735568993953;18,054604658929616;12,707292707292707;6,584344949250802;0;
63;63;77;36;4;0;Р;Р;Р;Р;Р;О;25,698735568993953;25,698735568993953;19,112143149842918;12,707292707292707;6,584344949250802;0;
63;63;108;36;4;0;Р;Р;Р;Р;Р;О;25,698735568993953;25,698735568993953;21,893287435456106;12,707292707292707;6,584344949250802;0;
63;63;119;36;4;0;Р;Р;Р;Р;Р;О;25,698735568993953;25,698735568993953;22,650047135225726;12,707292707292707;6,584344949250802;0;
63;63;120;61;4;0;Р;Р;Р;Р;Р;О;25,698735568993953;25,698735568993953;22,71428571428571;17,124318598132906;6,584344949250802;0;
63;63;120;84;4;0;Р;Р;Р;Р;Р;О;25,698735568993953;25,698735568993953;22,71428571428571;19,84399375975039;6,584344949250802;0;
63;63;120;86;4;0;Р;Р;Р;Р;Р;О;25,698735568993953;25,698735568993953;22,71428571428571;20,040303374491625;6,584344949250802;0;
63;63;120;92;4;0;Р;Р;Р;Р;Р;О;25,698735568993953;25,698735568993953;22,71428571428571;20,59846511300429;6,584344949250802;0;
63;63;120;95;4;0;Р;Р;Р;Р;Р;О;25,698735568993953;25,698735568993953;22,71428571428571;20,861458782908937;6,584344949250802;0;
63;63;120;92;4;0;Р;Р;Р;Р;Р;О;25,698735568993953;25,698735568993953;22,71428571428571;20,59846511300429;6,584344949250802;0;
63;63;120;93;4;0;Р;Р;Р;Р;Р;О;25,698735568993953;25,698735568993953;22,71428571428571;20,687267194795655;6,584344949250802;0;
63;63;120;118;4;0;Р;Р;Р;Р;Р;О;25,698735568993953;25,698735568993953;22,71428571428571;22,58509133588131;6,584344949250802;0;
63;63;120;119;4;0;Р;Р;Р;Р;Р;О;25,698735568993953;25,698735568993953;22,71428571428571;22,650047135225726;6,584344949250802;0;
63;63;120;119;4;0;Р;Р;Р;Р;Р;О;25,698735568993953;25,698735568993953;22,71428571428571;22,650047135225726;6,584344949250802;0;
67;63;120;120;4;0;Р;Р;Р;Р;Р;О;27,047177388015232;25,698735568993953;22,71428571428571;22,71428571428571;6,584344949250802;0;
63;63;120;100;4;0;Р;Р;Р;Р;Р;О;25,698735568993953;25,698735568993953;22,71428571428571;21,278019404483103;6,584344949250802;0;
63;63;120;118;4;0;Р;Р;Р;Р;Р;О;25,698735568993953;25,698735568993953;22,71428571428571;22,58509133588131;6,584344949250802;0;
63;63;120;116;4;0;Р;Р;Р;Р;Р;О;25,698735568993953;25,698735568993953;22,71428571428571;22,45297948749163;6,584344949250802;0;
63;63;120;98;4;0;Р;Р;Р;Р;Р;О;25,698735568993953;25,698735568993953;22,71428571428571;21,11453640028456;6,584344949250802;0;
63;63;120;64;4;0;Р;Р;Р;Р;Р;О;25,698735568993953;25,698735568993953;22,71428571428571;17,5357573668792;6,584344949250802;0;
63;63;120;45;4;0;Р;Р;Р;Р;Р;О;25,698735568993953;25,698735568993953;22,71428571428571;14,537142857142856;6,584344949250802;0;
63;63;96;36;4;0;Р;Р;Р;Р;Р;О;25,698735568993953;25,698735568993953;20,946891724989708;12,707292707292707;6,584344949250802;0;
63;63;81;36;4;0;Р;Р;Р;Р;Р;О;25,698735568993953;25,698735568993953;19,53917050691244;12,707292707292707;6,584344949250802;0;
63;63;74;36;4;0;Р;Р;Р;Р;Р;О;25,698735568993953;25,698735568993953;18,775282243587185;12,707292707292707;6,584344949250802;0;
63;63;67;36;4;0;Р;Р;Р;Р;Р;О;25,698735568993953;25,698735568993953;17,927929823085176;12,707292707292707;6,584344949250802;0;
63;63;60;36;4;0;Р;Р;Р;Р;Р;О;25,698735568993953;25,698735568993953;16,982643524699597;12,707292707292707;6,584344949250802;0;
63;63;72;36;4;0;Р;Р;Р;Р;Р;О;25,698735568993953;25,698735568993953;18,542274052478135;12,707292707292707;6,584344949250802;0;
63;63;98;36;4;0;Р;Р;Р;Р;Р;О;25,698735568993953;25,698735568993953;21,11453640028456;12,707292707292707;6,584344949250802;0;
63;63;115;36;4;0;Р;Р;Р;Р;Р;О;25,698735568993953;25,698735568993953;22,38579845435764;12,707292707292707;6,584344949250802;0;
63;63;120;60;4;0;Р;Р;Р;Р;Р;О;25,698735568993953;25,698735568993953;22,71428571428571;16,982643524699597;6,584344949250802;0;
63;63;120;69;4;0;Р;Р;Р;Р;Р;О;25,698735568993953;25,698735568993953;22,71428571428571;18,179332629093395;6,584344949250802;0;
63;63;120;76;4;0;Р;Р;Р;Р;Р;О;25,698735568993953;25,698735568993953;22,71428571428571;19,001493828131142;6,584344949250802;0;
63;63;120;76;4;0;Р;Р;Р;Р;Р;О;25,698735568993953;25,698735568993953;22,71428571428571;19,001493828131142;6,584344949250802;0;
63;63;120;83;4;0;Р;Р;Р;Р;Р;О;25,698735568993953;25,698735568993953;22,71428571428571;19,7437959343968;6,584344949250802;0;
63;63;120;84;4;0;Р;Р;Р;Р;Р;О;25,698735568993953;25,698735568993953;22,71428571428571;19,84399375975039;6,584344949250802;0;
63;63;120;95;4;0;Р;Р;Р;Р;Р;О;25,698735568993953;25,698735568993953;22,71428571428571;20,861458782908937;6,584344949250802;0;
63;63;120;101;4;0;Р;Р;Р;Р;Р;О;25,698735568993953;25,698735568993953;22,71428571428571;21,358248408172763;6,584344949250802;0;
63;63;120;98;4;0;Р;Р;Р;Р;Р;О;25,698735568993953;25,698735568993953;22,71428571428571;21,11453640028456;6,584344949250802;0;
63;63;120;98;4;0;Р;Р;Р;Р;Р;О;25,698735568993953;25,698735568993953;22,71428571428571;21,11453640028456;6,584344949250802;0;
63;63;120;101;4;0;Р;Р;Р;Р;Р;О;25,698735568993953;25,698735568993953;22,71428571428571;21,358248408172763;6,584344949250802;0;
79;63;120;120;4;0;Р;Р;Р;Р;Р;О;30,92987260986457;25,698735568993953;22,71428571428571;22,71428571428571;6,584344949250802;0;
79;63;120;120;4;0;Р;Р;Р;Р;Р;О;30,92987260986457;25,698735568993953;22,71428571428571;22,71428571428571;6,584344949250802;0;
63;63;120;119;4;0;Р;Р;Р;Р;Р;О;25,698735568993953;25,698735568993953;22,71428571428571;22,650047135225726;6,584344949250802;0;
63;63;120;85;4;0;Р;Р;Р;Р;Р;О;25,698735568993953;25,698735568993953;22,71428571428571;19,94282025269759;6,584344949250802;0;
63;63;120;44;4;0;Р;Р;Р;Р;Р;О;25,698735568993953;25,698735568993953;22,71428571428571;14,349297507947906;6,584344949250802;0;
63;63;91;36;4;0;Р;Р;Р;Р;Р;О;25,698735568993953;25,698735568993953;20,508495597172267;12,707292707292707;6,584344949250802;0;
63;63;72;36;4;0;Р;Р;Р;Р;Р;О;25,698735568993953;25,698735568993953;18,542274052478135;12,707292707292707;6,584344949250802;0;
63;63;57;36;4;0;Р;Р;Р;Р;Р;О;25,698735568993953;25,698735568993953;16,54322677801355;12,707292707292707;6,584344949250802;0;
63;63;40;36;4;0;Р;Р;Р;Р;Р;О;25,698735568993953;25,698735568993953;13,560767590618337;12,707292707292707;6,584344949250802;0;
63;63;44;36;4;0;Р;Р;Р;Р;Р;О;25,698735568993953;25,698735568993953;14,349297507947906;12,707292707292707;6,584344949250802;0;
63;63;59;36;4;0;Р;Р;Р;Р;Р;О;25,698735568993953;25,698735568993953;16,83860979604658;12,707292707292707;6,584344949250802;0;
63;63;91;36;4;0;Р;Р;Р;Р;Р;О;25,698735568993953;25,698735568993953;20,508495597172267;12,707292707292707;6,584344949250802;0;
63;63;120;54;4;0;Р;Р;Р;Р;Р;О;25,698735568993953;25,698735568993953;22,71428571428571;16,080910240202275;6,584344949250802;0;
63;63;120;79;4;0;Р;Р;Р;Р;Р;О;25,698735568993953;25,698735568993953;22,71428571428571;19,328704148954586;6,584344949250802;0;
63;63;120;77;4;0;Р;Р;Р;Р;Р;О;25,698735568993953;25,698735568993953;22,71428571428571;19,112143149842918;6,584344949250802;0;
63;63;120;97;4;0;Р;Р;Р;Р;Р;О;25,698735568993953;25,698735568993953;22,71428571428571;21,03124414065829;6,584344949250802;0;
63;63;120;100;4;0;Р;Р;Р;Р;Р;О;25,698735568993953;25,698735568993953;22,71428571428571;21,278019404483103;6,584344949250802;0;
63;63;120;85;4;0;Р;Р;Р;Р;Р;О;25,698735568993953;25,698735568993953;22,71428571428571;19,94282025269759;6,584344949250802;0;
63;63;120;107;4;0;Р;Р;Р;Р;Р;О;25,698735568993953;25,698735568993953;22,71428571428571;21,819580935280626;6,584344949250802;0;
63;63;120;117;4;0;Р;Р;Р;Р;Р;О;25,698735568993953;25,698735568993953;22,71428571428571;22,519406237232744;6,584344949250802;0;
63;63;120;120;26;0;Р;Р;Р;Р;Р;О;25,698735568993953;25,698735568993953;22,71428571428571;22,71428571428571;11,017578054306496;0;
63;63;120;120;48;0;Р;Р;Р;Р;Р;О;25,698735568993953;25,698735568993953;22,71428571428571;22,71428571428571;15,482453706002811;0;
63;63;120;120;27;0;Р;Р;Р;Р;Р;О;25,698735568993953;25,698735568993953;22,71428571428571;22,71428571428571;11,231548259213204;0;
72;63;120;120;4;0;Р;Р;Р;Р;Р;О;28,693930791068823;25,698735568993953;22,71428571428571;22,71428571428571;6,584344949250802;0;
63;63;120;120;36;0;Р;Р;Р;Р;Р;О;25,698735568993953;25,698735568993953;22,71428571428571;22,71428571428571;13,125830413381046;0;
77;63;120;120;4;0;Р;Р;Р;Р;Р;О;30,299098462082373;25,698735568993953;22,71428571428571;22,71428571428571;6,584344949250802;0;
64;63;120;120;4;0;Р;Р;Р;Р;Р;О;26,038486644559914;25,698735568993953;22,71428571428571;22,71428571428571;6,584344949250802;0;
63;63;120;105;4;0;Р;Р;Р;Р;Р;О;25,698735568993953;25,698735568993953;22,71428571428571;21,669505962521292;6,584344949250802;0;
63;63;120;74;4;0;Р;Р;Р;Р;Р;О;25,698735568993953;25,698735568993953;22,71428571428571;18,775282243587185;6,584344949250802;0;
63;63;101;36;4;0;Р;Р;Р;Р;Р;О;25,698735568993953;25,698735568993953;21,358248408172763;12,707292707292707;6,584344949250802;0;
63;63;82;36;4;0;Р;Р;Р;Р;Р;О;25,698735568993953;25,698735568993953;19,642198033972353;12,707292707292707;6,584344949250802;0;
63;63;54;36;4;0;Р;Р;Р;Р;Р;О;25,698735568993953;25,698735568993953;16,080910240202275;12,707292707292707;6,584344949250802;0;
63;63;43;36;4;0;Р;Р;Р;Р;Р;О;25,698735568993953;25,698735568993953;14,15784432997696;12,707292707292707;6,584344949250802;0;
63;63;44;36;4;0;Р;Р;Р;Р;Р;О;25,698735568993953;25,698735568993953;14,349297507947906;12,707292707292707;6,584344949250802;0;
63;63;52;36;4;0;Р;Р;Р;Р;Р;О;25,698735568993953;25,698735568993953;15,75907748022491;12,707292707292707;6,584344949250802;0;
63;63;103;36;4;0;Р;Р;Р;Р;Р;О;25,698735568993953;25,698735568993953;21,515773570032685;12,707292707292707;6,584344949250802;0;
63;63;120;58;4;0;Р;Р;Р;Р;Р;О;25,698735568993953;25,698735568993953;22,71428571428571;16,692158016199826;6,584344949250802;0;
63;63;120;88;4;0;Р;Р;Р;Р;Р;О;25,698735568993953;25,698735568993953;22,71428571428571;20,231347599768654;6,584344949250802;0;
63;63;120;101;4;0;Р;Р;Р;Р;Р;О;25,698735568993953;25,698735568993953;22,71428571428571;21,358248408172763;6,584344949250802;0;
63;63;120;117;4;0;Р;Р;Р;Р;Р;О;25,698735568993953;25,698735568993953;22,71428571428571;22,519406237232744;6,584344949250802;0;
63;63;120;120;4;0;Р;Р;Р;Р;Р;О;25,698735568993953;25,698735568993953;22,71428571428571;22,71428571428571;6,584344949250802;0;
65;63;120;120;4;0;Р;Р;Р;Р;Р;О;26,376468137191072;25,698735568993953;22,71428571428571;22,71428571428571;6,584344949250802;0;
64;63;120;120;4;0;Р;Р;Р;Р;Р;О;26,038486644559914;25,698735568993953;22,71428571428571;22,71428571428571;6,584344949250802;0;
73;63;120;120;4;0;Р;Р;Р;Р;Р;О;29,018240261231156;25,698735568993953;22,71428571428571;22,71428571428571;6,584344949250802;0;
63;63;120;120;26;0;Р;Р;Р;Р;Р;О;25,698735568993953;25,698735568993953;22,71428571428571;22,71428571428571;11,017578054306496;0;
63;63;120;120;30;0;Р;Р;Р;Р;Р;О;25,698735568993953;25,698735568993953;22,71428571428571;22,71428571428571;11,87094622166841;0;
77;63;120;120;4;0;Р;Р;Р;Р;Р;О;30,299098462082373;25,698735568993953;22,71428571428571;22,71428571428571;6,584344949250802;0;
84;63;120;120;4;0;Р;Р;Р;Р;Р;О;32,4794163626889;25,698735568993953;22,71428571428571;22,71428571428571;6,584344949250802;0;
63;63;120;120;45;0;Р;Р;Р;Р;Р;О;25,698735568993953;25,698735568993953;22,71428571428571;22,71428571428571;14,91369359469736;0;
63;63;120;120;35;0;Р;Р;Р;Р;Р;О;25,698735568993953;25,698735568993953;22,71428571428571;22,71428571428571;12,919675180682868;0;
63;63;120;120;27;0;Р;Р;Р;Р;Р;О;25,698735568993953;25,698735568993953;22,71428571428571;22,71428571428571;11,231548259213204;0;
63;63;120;111;4;0;Р;Р;Р;Р;Р;О;25,698735568993953;25,698735568993953;22,71428571428571;22,109268567670405;6,584344949250802;0;
63;63;120;68;4;0;Р;Р;Р;Р;Р;О;25,698735568993953;25,698735568993953;22,71428571428571;18,054604658929616;6,584344949250802;0;
63;63;109;36;4;0;Р;Р;Р;Р;Р;О;25,698735568993953;25,698735568993953;21,966127473502432;12,707292707292707;6,584344949250802;0;
63;63;99;36;4;0;Р;Р;Р;Р;Р;О;25,698735568993953;25,698735568993953;21,196788365399183;12,707292707292707;6,584344949250802;0;
63;63;73;36;4;0;Р;Р;Р;Р;Р;О;25,698735568993953;25,698735568993953;18,65964672547877;12,707292707292707;6,584344949250802;0;
63;63;65;36;4;0;Р;Р;Р;Р;Р;О;25,698735568993953;25,698735568993953;17,668554332727858;12,707292707292707;6,584344949250802;0;
63;63;71;36;4;0;Р;Р;Р;Р;Р;О;25,698735568993953;25,698735568993953;18,423124783256156;12,707292707292707;6,584344949250802;0;
63;63;81;36;4;0;Р;Р;Р;Р;Р;О;25,698735568993953;25,698735568993953;19,53917050691244;12,707292707292707;6,584344949250802;0;
63;63;110;36;4;0;Р;Р;Р;Р;Р;О;25,698735568993953;25,698735568993953;22,038116238777757;12,707292707292707;6,584344949250802;0;
63;63;120;53;4;0;Р;Р;Р;Р;Р;О;25,698735568993953;25,698735568993953;22,71428571428571;15,921403773941382;6,584344949250802;0;
63;63;120;98;4;0;Р;Р;Р;Р;Р;О;25,698735568993953;25,698735568993953;22,71428571428571;21,11453640028456;6,584344949250802;0;
63;63;120;111;4;0;Р;Р;Р;Р;Р;О;25,698735568993953;25,698735568993953;22,71428571428571;22,109268567670405;6,584344949250802;0;
78;63;120;120;4;0;Р;Р;Р;Р;Р;О;30,615279981863523;25,698735568993953;22,71428571428571;22,71428571428571;6,584344949250802;0;
77;63;120;120;4;0;Р;Р;Р;Р;Р;О;30,299098462082373;25,698735568993953;22,71428571428571;22,71428571428571;6,584344949250802;0;
77;63;120;120;4;0;Р;Р;Р;Р;Р;О;30,299098462082373;25,698735568993953;22,71428571428571;22,71428571428571;6,584344949250802;0;
72;63;120;120;4;0;Р;Р;Р;Р;Р;О;28,693930791068823;25,698735568993953;22,71428571428571;22,71428571428571;6,584344949250802;0;
66;63;120;120;4;0;Р;Р;Р;Р;Р;О;26,712693836203538;25,698735568993953;22,71428571428571;22,71428571428571;6,584344949250802;0;
64;63;120;120;4;0;Р;Р;Р;Р;Р;О;26,038486644559914;25,698735568993953;22,71428571428571;22,71428571428571;6,584344949250802;0;
72;63;120;120;4;0;Р;Р;Р;Р;Р;О;28,693930791068823;25,698735568993953;22,71428571428571;22,71428571428571;6,584344949250802;0;
68;63;120;120;4;0;Р;Р;Р;Р;Р;О;27,379932297992195;25,698735568993953;22,71428571428571;22,71428571428571;6,584344949250802;0;
63;63;120;115;4;0;Р;Р;Р;Р;Р;О;25,698735568993953;25,698735568993953;22,71428571428571;22,38579845435764;6,584344949250802;0;
63;63;120;120;27;0;Р;Р;Р;Р;Р;О;25,698735568993953;25,698735568993953;22,71428571428571;22,71428571428571;11,231548259213204;0;
63;63;120;120;27;0;Р;Р;Р;Р;Р;О;25,698735568993953;25,698735568993953;22,71428571428571;22,71428571428571;11,231548259213204;0;
75;63;120;120;4;0;Р;Р;Р;Р;Р;О;29,66192035330846;25,698735568993953;22,71428571428571;22,71428571428571;6,584344949250802;0;
63;63;120;94;4;0;Р;Р;Р;Р;Р;О;25,698735568993953;25,698735568993953;22,71428571428571;20,774924418806687;6,584344949250802;0;
63;63;120;67;4;0;Р;Р;Р;Р;Р;О;25,698735568993953;25,698735568993953;22,71428571428571;17,927929823085176;6,584344949250802;0;
63;63;120;44;4;0;Р;Р;Р;Р;Р;О;25,698735568993953;25,698735568993953;22,71428571428571;14,349297507947906;6,584344949250802;0;
63;63;112;36;4;0;Р;Р;Р;Р;Р;О;25,698735568993953;25,698735568993953;22,179598953792503;12,707292707292707;6,584344949250802;0;
63;63;86;36;4;0;Р;Р;Р;Р;Р;О;25,698735568993953;25,698735568993953;20,040303374491625;12,707292707292707;6,584344949250802;0;
63;63;74;36;4;0;Р;Р;Р;Р;Р;О;25,698735568993953;25,698735568993953;18,775282243587185;12,707292707292707;6,584344949250802;0;
63;63;71;36;4;0;Р;Р;Р;Р;Р;О;25,698735568993953;25,698735568993953;18,423124783256156;12,707292707292707;6,584344949250802;0;
63;63;73;36;4;0;Р;Р;Р;Р;Р;О;25,698735568993953;25,698735568993953;18,65964672547877;12,707292707292707;6,584344949250802;0;
63;63;77;36;4;0;Р;Р;Р;Р;Р;О;25,698735568993953;25,698735568993953;19,112143149842918;12,707292707292707;6,584344949250802;0;
63;63;91;36;4;0;Р;Р;Р;Р;Р;О;25,698735568993953;25,698735568993953;20,508495597172267;12,707292707292707;6,584344949250802;0;
63;63;120;40;4;0;Р;Р;Р;Р;Р;О;25,698735568993953;25,698735568993953;22,71428571428571;13,560767590618337;6,584344949250802;0;
63;63;120;60;4;0;Р;Р;Р;Р;Р;О;25,698735568993953;25,698735568993953;22,71428571428571;16,982643524699597;6,584344949250802;0;
63;63;120;93;4;0;Р;Р;Р;Р;Р;О;25,698735568993953;25,698735568993953;22,71428571428571;20,687267194795655;6,584344949250802;0;
63;63;120;106;4;0;Р;Р;Р;Р;Р;О;25,698735568993953;25,698735568993953;22,71428571428571;21,744992420088376;6,584344949250802;0;
63;63;120;91;4;0;Р;Р;Р;Р;Р;О;25,698735568993953;25,698735568993953;22,71428571428571;20,508495597172267;6,584344949250802;0;
63;63;120;104;4;0;Р;Р;Р;Р;Р;О;25,698735568993953;25,698735568993953;22,71428571428571;21,59310524941238;6,584344949250802;0;
63;63;120;89;4;0;Р;Р;Р;Р;Р;О;25,698735568993953;25,698735568993953;22,71428571428571;20,32496095082497;6,584344949250802;0;
63;63;120;88;4;0;Р;Р;Р;Р;Р;О;25,698735568993953;25,698735568993953;22,71428571428571;20,231347599768654;6,584344949250802;0;
63;63;120;79;4;0;Р;Р;Р;Р;Р;О;25,698735568993953;25,698735568993953;22,71428571428571;19,328704148954586;6,584344949250802;0;
63;63;120;76;4;0;Р;Р;Р;Р;Р;О;25,698735568993953;25,698735568993953;22,71428571428571;19,001493828131142;6,584344949250802;0;
63;63;120;89;4;0;Р;Р;Р;Р;Р;О;25,698735568993953;25,698735568993953;22,71428571428571;20,32496095082497;6,584344949250802;0;
63;63;120;113;4;0;Р;Р;Р;Р;Р;О;25,698735568993953;25,698735568993953;22,71428571428571;22,249121557822395;6,584344949250802;0;
63;63;120;119;4;0;Р;Р;Р;Р;Р;О;25,698735568993953;25,698735568993953;22,71428571428571;22,650047135225726;6,584344949250802;0;
63;63;120;112;4;0;Р;Р;Р;Р;Р;О;25,698735568993953;25,698735568993953;22,71428571428571;22,179598953792503;6,584344949250802;0;
63;63;120;82;4;0;Р;Р;Р;Р;Р;О;25,698735568993953;25,698735568993953;22,71428571428571;19,642198033972353;6,584344949250802;0;
63;63;120;75;4;0;Р;Р;Р;Р;Р;О;25,698735568993953;25,698735568993953;22,71428571428571;18,889218889218892;6,584344949250802;0;
63;63;120;71;4;0;Р;Р;Р;Р;Р;О;25,698735568993953;25,698735568993953;22,71428571428571;18,423124783256156;6,584344949250802;0;
63;0;120;115;4;0;Р;О;Р;Р;Р;О;25,698735568993953;0;22,71428571428571;22,38579845435764;6,584344949250802;0;
63;0;120;84;4;0;Р;О;Р;Р;Р;О;25,698735568993953;0;22,71428571428571;19,84399375975039;6,584344949250802;0;
63;0;120;62;4;0;Р;О;Р;Р;Р;О;25,698735568993953;0;22,71428571428571;17,263692482815987;6,584344949250802;0;
63;0;120;55;4;0;Р;О;Р;Р;Р;О;25,698735568993953;0;22,71428571428571;16,23766972264129;6,584344949250802;0;
63;0;120;50;4;0;Р;О;Р;Р;Р;О;25,698735568993953;0;22,71428571428571;15,425660926509822;6,584344949250802;0;
63;0;120;64;4;0;Р;О;Р;Р;Р;О;25,698735568993953;0;22,71428571428571;17,5357573668792;6,584344949250802;0;
63;0;120;68;4;0;Р;О;Р;Р;Р;О;25,698735568993953;0;22,71428571428571;18,054604658929616;6,584344949250802;0;
63;0;120;86;4;0;Р;О;Р;Р;Р;О;25,698735568993953;0;22,71428571428571;20,040303374491625;6,584344949250802;0;
63;0;120;101;4;0;Р;О;Р;Р;Р;О;25,698735568993953;0;22,71428571428571;21,358248408172763;6,584344949250802;0;
78;0;120;120;4;0;Р;О;Р;Р;Р;О;30,615279981863523;0;22,71428571428571;22,71428571428571;6,584344949250802;0;
63;0;120;120;46;0;Р;О;Р;Р;Р;О;25,698735568993953;0;22,71428571428571;22,71428571428571;15,104686222638499;0;
63;0;120;120;57;0;Р;О;Р;Р;Р;О;25,698735568993953;0;22,71428571428571;22,71428571428571;17,1288036929731;0;
63;0;120;120;58;0;Р;О;Р;Р;Р;О;25,698735568993953;0;22,71428571428571;22,71428571428571;17,308272212553625;0;
63;0;120;120;56;0;Р;О;Р;Р;Р;О;25,698735568993953;0;22,71428571428571;22,71428571428571;16,948922184460223;0;
63;0;120;120;74;0;Р;О;Р;Р;Р;О;25,698735568993953;0;22,71428571428571;22,71428571428571;20,18309303033435;0;
63;0;120;120;73;0;Р;О;Р;Р;Р;О;25,698735568993953;0;22,71428571428571;22,71428571428571;20,002478014186757;0;
63;0;120;120;72;0;Р;О;Р;Р;Р;О;25,698735568993953;0;22,71428571428571;22,71428571428571;19,82175381381766;0;
63;0;120;120;56;0;Р;О;Р;Р;Р;О;25,698735568993953;0;22,71428571428571;22,71428571428571;16,948922184460223;0;
63;0;120;120;57;0;Р;О;Р;Р;Р;О;25,698735568993953;0;22,71428571428571;22,71428571428571;17,1288036929731;0;
63;0;120;120;71;0;Р;О;Р;Р;Р;О;25,698735568993953;0;22,71428571428571;22,71428571428571;19,641048193341778;0;
63;0;120;120;48;0;Р;О;Р;Р;Р;О;25,698735568993953;0;22,71428571428571;22,71428571428571;15,482453706002811;0;
63;0;120;120;41;0;Р;О;Р;Р;Р;О;25,698735568993953;0;22,71428571428571;22,71428571428571;14,134586214635386;0;
83;0;120;120;4;0;Р;О;Р;Р;Р;О;32,17259135799398;0;22,71428571428571;22,71428571428571;6,584344949250802;0;
63;0;79;36;4;0;Р;О;Р;Р;Р;О;25,698735568993953;0;19,328704148954586;12,707292707292707;6,584344949250802;0;
63;0;69;36;4;0;Р;О;Р;Р;Р;О;25,698735568993953;0;18,179332629093395;12,707292707292707;6,584344949250802;0;
63;0;54;36;4;0;Р;О;Р;Р;Р;О;25,698735568993953;0;16,080910240202275;12,707292707292707;6,584344949250802;0;
63;0;42;36;4;0;Р;О;Р;Р;Р;О;25,698735568993953;0;13,962678375411636;12,707292707292707;6,584344949250802;0;
63;0;39;36;4;0;Р;О;Р;Р;Р;О;25,698735568993953;0;13,353791488330776;12,707292707292707;6,584344949250802;0;
63;0;48;36;4;0;Р;О;Р;Р;Р;О;25,698735568993953;0;15,080023710729103;12,707292707292707;6,584344949250802;0;
63;0;68;36;4;0;Р;О;Р;Р;Р;О;25,698735568993953;0;18,054604658929616;12,707292707292707;6,584344949250802;0;
63;0;105;36;4;0;Р;О;Р;Р;Р;О;25,698735568993953;0;21,669505962521292;12,707292707292707;6,584344949250802;0;
63;0;120;43;4;0;Р;О;Р;Р;Р;О;25,698735568993953;0;22,71428571428571;14,15784432997696;6,584344949250802;0;
63;0;120;63;4;0;Р;О;Р;Р;Р;О;25,698735568993953;0;22,71428571428571;17,400820793433653;6,584344949250802;0;
63;0;120;90;4;0;Р;О;Р;Р;Р;О;25,698735568993953;0;22,71428571428571;20,417335473515248;6,584344949250802;0;
63;0;120;92;4;0;Р;О;Р;Р;Р;О;25,698735568993953;0;22,71428571428571;20,59846511300429;6,584344949250802;0;
63;0;120;101;4;0;Р;О;Р;Р;Р;О;25,698735568993953;0;22,71428571428571;21,358248408172763;6,584344949250802;0;
63;0;120;100;4;0;Р;О;Р;Р;Р;О;25,698735568993953;0;22,71428571428571;21,278019404483103;6,584344949250802;0;
63;0;120;95;4;0;Р;О;Р;Р;Р;О;25,698735568993953;0;22,71428571428571;20,861458782908937;6,584344949250802;0;
63;0;120;103;4;0;Р;О;Р;Р;Р;О;25,698735568993953;0;22,71428571428571;21,515773570032685;6,584344949250802;0;
63;0;120;109;4;0;Р;О;Р;Р;Р;О;25,698735568993953;0;22,71428571428571;21,966127473502432;6,584344949250802;0;
63;0;120;119;4;0;Р;О;Р;Р;Р;О;25,698735568993953;0;22,71428571428571;22,650047135225726;6,584344949250802;0;
63;0;120;120;4;0;Р;О;Р;Р;Р;О;25,698735568993953;0;22,71428571428571;22,71428571428571;6,584344949250802;0;
63;0;120;114;4;0;Р;О;Р;Р;Р;О;25,698735568993953;0;22,71428571428571;22,31785021700988;6,584344949250802;0;
63;0;120;109;4;0;Р;О;Р;Р;Р;О;25,698735568993953;0;22,71428571428571;21,966127473502432;6,584344949250802;0;
63;0;120;90;4;0;Р;О;Р;Р;Р;О;25,698735568993953;0;22,71428571428571;20,417335473515248;6,584344949250802;0;
63;0;120;70;4;0;Р;О;Р;Р;Р;О;25,698735568993953;0;22,71428571428571;18,302158273381295;6,584344949250802;0;
63;0;120;49;4;0;Р;О;Р;Р;Р;О;25,698735568993953;0;22,71428571428571;15,254411512763406;6,584344949250802;0;
63;0;79;36;4;0;Р;О;Р;Р;Р;О;25,698735568993953;0;19,328704148954586;12,707292707292707;6,584344949250802;0;
63;0;49;36;4;0;Р;О;Р;Р;Р;О;25,698735568993953;0;15,254411512763406;12,707292707292707;6,584344949250802;0;
63;0;39;36;4;0;Р;О;Р;Р;Р;О;25,698735568993953;0;13,353791488330776;12,707292707292707;6,584344949250802;0;
63;0;65;0;4;0;Р;О;Р;О;Р;О;25,698735568993953;0;17,668554332727858;0;6,584344949250802;0;
63;0;68;0;4;0;Р;О;Р;О;Р;О;25,698735568993953;0;18,054604658929616;0;6,584344949250802;0;
63;0;75;0;4;0;Р;О;Р;О;Р;О;25,698735568993953;0;18,889218889218892;0;6,584344949250802;0;
63;0;104;0;4;0;Р;О;Р;О;Р;О;25,698735568993953;0;21,59310524941238;0;6,584344949250802;0;
91;0;120;0;4;0;Р;П;Р;О;Р;О;34,58528256786751;25,698735568993953;22,71428571428571;0;6,584344949250802;0;
63;0;120;0;54;0;Р;П;Р;О;Р;О;25,698735568993953;25,698735568993953;22,71428571428571;0;16,58749719324568;0;
63;0;120;0;65;0;Р;П;Р;О;Р;О;25,698735568993953;25,698735568993953;22,71428571428571;0;18,560995774235746;0;
63;0;120;0;70;0;Р;П;Р;О;Р;О;25,698735568993953;25,698735568993953;22,71428571428571;0;19,460460071243904;0;
76;0;120;0;80;0;Р;П;Р;П;Р;О;29,981315982683103;25,698735568993953;22,71428571428571;12,707292707292707;21,253132832080198;0;
78;0;120;0;80;0;Р;П;Р;П;Р;О;30,615279981863523;25,698735568993953;22,71428571428571;12,707292707292707;21,253132832080198;0;
76;0;120;0;80;0;Р;П;Р;П;Р;О;29,981315982683103;25,698735568993953;22,71428571428571;12,707292707292707;21,253132832080198;0;
87;0;120;0;80;0;Р;П;Р;П;Р;О;33,3908224340501;25,698735568993953;22,71428571428571;12,707292707292707;21,253132832080198;0;
63;63;120;0;51;0;Р;Р;Р;П;Р;О;25,698735568993953;25,698735568993953;22,71428571428571;12,707292707292707;16,03961944560993;0;
63;0;120;101;4;0;Р;О;Р;Р;Р;О;25,698735568993953;0;22,71428571428571;21,358248408172763;6,584344949250802;0;
64;0;120;120;4;0;Р;О;Р;Р;Р;О;26,038486644559914;0;22,71428571428571;22,71428571428571;6,584344949250802;0;
63;0;120;116;4;0;Р;О;Р;Р;Р;О;25,698735568993953;0;22,71428571428571;22,45297948749163;6,584344949250802;0;
63;0;120;117;4;0;Р;О;Р;Р;Р;О;25,698735568993953;0;22,71428571428571;22,519406237232744;6,584344949250802;0;
63;0;120;96;4;0;Р;О;Р;Р;Р;О;25,698735568993953;0;22,71428571428571;20,946891724989708;6,584344949250802;0;
63;0;120;86;4;0;Р;О;Р;Р;Р;О;25,698735568993953;0;22,71428571428571;20,040303374491625;6,584344949250802;0;
63;0;120;65;4;0;Р;О;Р;Р;Р;О;25,698735568993953;0;22,71428571428571;17,668554332727858;6,584344949250802;0;
63;0;120;40;4;0;Р;О;Р;Р;Р;О;25,698735568993953;0;22,71428571428571;13,560767590618337;6,584344949250802;0;
63;0;72;36;4;0;Р;О;Р;Р;Р;О;25,698735568993953;0;18,542274052478135;12,707292707292707;6,584344949250802;0;
63;0;45;36;4;0;Р;О;Р;Р;Р;О;25,698735568993953;0;14,537142857142856;12,707292707292707;6,584344949250802;0;
63;0;70;0;4;0;Р;О;Р;О;Р;О;25,698735568993953;0;18,302158273381295;0;6,584344949250802;0;
63;0;66;0;4;0;Р;О;Р;О;Р;О;25,698735568993953;0;17,799262180384176;0;6,584344949250802;0;
63;0;68;0;4;0;Р;О;Р;О;Р;О;25,698735568993953;0;18,054604658929616;0;6,584344949250802;0;
63;0;74;0;4;0;Р;П;Р;О;Р;О;25,698735568993953;25,698735568993953;18,775282243587185;0;6,584344949250802;0;
63;0;106;0;4;0;Р;П;Р;О;Р;О;25,698735568993953;25,698735568993953;21,744992420088376;0;6,584344949250802;0;
85;0;120;0;4;0;Р;П;Р;О;Р;О;32,78472239411867;25,698735568993953;22,71428571428571;0;6,584344949250802;0;
63;0;120;0;50;0;Р;П;Р;О;Р;О;25,698735568993953;25,698735568993953;22,71428571428571;0;15,855054443138945;0;
63;0;120;0;58;0;Р;П;Р;П;Р;О;25,698735568993953;25,698735568993953;22,71428571428571;12,707292707292707;17,308272212553625;0;
72;0;120;0;80;0;Р;П;Р;П;Р;О;28,693930791068823;25,698735568993953;22,71428571428571;12,707292707292707;21,253132832080198;0;
80;0;120;0;80;0;Р;П;Р;П;Р;О;31,24288829293967;25,698735568993953;22,71428571428571;12,707292707292707;21,253132832080198;0;
85;0;120;0;80;0;Р;П;Р;П;Р;О;32,78472239411867;25,698735568993953;22,71428571428571;12,707292707292707;21,253132832080198;0;
63;0;120;99;4;0;Р;О;Р;Р;Р;О;25,698735568993953;0;22,71428571428571;21,196788365399183;6,584344949250802;0;
63;0;120;100;4;0;Р;О;Р;Р;Р;О;25,698735568993953;0;22,71428571428571;21,278019404483103;6,584344949250802;0;
63;0;120;104;4;0;Р;О;Р;Р;Р;О;25,698735568993953;0;22,71428571428571;21,59310524941238;6,584344949250802;0;
63;0;120;111;4;0;Р;О;Р;Р;Р;О;25,698735568993953;0;22,71428571428571;22,109268567670405;6,584344949250802;0;
63;0;120;119;4;0;Р;О;Р;Р;Р;О;25,698735568993953;0;22,71428571428571;22,650047135225726;6,584344949250802;0;
63;0;120;117;4;0;Р;О;Р;Р;Р;О;25,698735568993953;0;22,71428571428571;22,519406237232744;6,584344949250802;0;
63;0;120;115;4;0;Р;О;Р;Р;Р;О;25,698735568993953;0;22,71428571428571;22,38579845435764;6,584344949250802;0;
63;0;120;107;4;0;Р;О;Р;Р;Р;О;25,698735568993953;0;22,71428571428571;21,819580935280626;6,584344949250802;0;
63;0;120;96;4;0;Р;О;Р;Р;Р;О;25,698735568993953;0;22,71428571428571;20,946891724989708;6,584344949250802;0;
63;0;120;70;4;0;Р;О;Р;Р;Р;О;25,698735568993953;0;22,71428571428571;18,302158273381295;6,584344949250802;0;
63;0;120;49;4;0;Р;О;Р;Р;Р;О;25,698735568993953;0;22,71428571428571;15,254411512763406;6,584344949250802;0;
63;0;79;36;4;0;Р;О;Р;Р;Р;О;25,698735568993953;0;19,328704148954586;12,707292707292707;6,584344949250802;0;
63;0;48;36;4;0;Р;О;Р;Р;Р;О;25,698735568993953;0;15,080023710729103;12,707292707292707;6,584344949250802;0;
63;0;39;36;4;0;Р;О;Р;Р;Р;О;25,698735568993953;0;13,353791488330776;12,707292707292707;6,584344949250802;0;
63;0;39;36;4;0;Р;О;Р;Р;Р;О;25,698735568993953;0;13,353791488330776;12,707292707292707;6,584344949250802;0;
63;0;36;36;4;0;Р;О;Р;Р;Р;О;25,698735568993953;0;12,707292707292707;12,707292707292707;6,584344949250802;0;
63;0;41;36;4;0;Р;О;Р;Р;Р;О;25,698735568993953;0;13,763690586155022;12,707292707292707;6,584344949250802;0;
63;0;82;36;4;0;Р;О;Р;Р;Р;О;25,698735568993953;0;19,642198033972353;12,707292707292707;6,584344949250802;0;
63;0;114;36;4;0;Р;О;Р;Р;Р;О;25,698735568993953;0;22,31785021700988;12,707292707292707;6,584344949250802;0;
63;0;120;55;4;0;Р;О;Р;Р;Р;О;25,698735568993953;0;22,71428571428571;16,23766972264129;6,584344949250802;0;
63;0;120;75;4;0;Р;О;Р;Р;Р;О;25,698735568993953;0;22,71428571428571;18,889218889218892;6,584344949250802;0;
63;0;120;103;4;0;Р;О;Р;Р;Р;О;25,698735568993953;0;22,71428571428571;21,515773570032685;6,584344949250802;0;
63;0;120;101;4;0;Р;О;Р;Р;Р;О;25,698735568993953;0;22,71428571428571;21,358248408172763;6,584344949250802;0;
63;0;120;94;4;0;Р;О;Р;Р;Р;О;25,698735568993953;0;22,71428571428571;20,774924418806687;6,584344949250802;0;
63;0;120;94;4;0;Р;О;Р;Р;Р;О;25,698735568993953;0;22,71428571428571;20,774924418806687;6,584344949250802;0;
63;0;120;117;4;0;Р;О;Р;Р;Р;О;25,698735568993953;0;22,71428571428571;22,519406237232744;6,584344949250802;0;
63;0;120;115;4;0;Р;О;Р;Р;Р;О;25,698735568993953;0;22,71428571428571;22,38579845435764;6,584344949250802;0;
64;0;120;120;4;0;Р;О;Р;Р;Р;О;26,038486644559914;0;22,71428571428571;22,71428571428571;6,584344949250802;0;
80;0;120;120;4;0;Р;О;Р;Р;Р;О;31,24288829293967;0;22,71428571428571;22,71428571428571;6,584344949250802;0;
63;0;120;111;4;0;Р;О;Р;Р;Р;О;25,698735568993953;0;22,71428571428571;22,109268567670405;6,584344949250802;0;
63;0;120;105;4;0;Р;О;Р;Р;Р;О;25,698735568993953;0;22,71428571428571;21,669505962521292;6,584344949250802;0;
63;0;120;103;4;0;Р;О;Р;Р;Р;О;25,698735568993953;0;22,71428571428571;21,515773570032685;6,584344949250802;0;
63;0;120;91;4;0;Р;О;Р;Р;Р;О;25,698735568993953;0;22,71428571428571;20,508495597172267;6,584344949250802;0;
63;0;120;76;4;0;Р;О;Р;Р;Р;О;25,698735568993953;0;22,71428571428571;19,001493828131142;6,584344949250802;0;
63;0;120;42;4;0;Р;О;Р;Р;Р;О;25,698735568993953;0;22,71428571428571;13,962678375411636;6,584344949250802;0;
63;0;103;36;4;0;Р;О;Р;Р;Р;О;25,698735568993953;0;21,515773570032685;12,707292707292707;6,584344949250802;0;
63;0;69;36;4;0;Р;О;Р;Р;Р;О;25,698735568993953;0;18,179332629093395;12,707292707292707;6,584344949250802;0;
63;0;47;36;4;0;Р;О;Р;Р;Р;О;25,698735568993953;0;14,902410449435402;12,707292707292707;6,584344949250802;0;
63;0;70;0;4;0;Р;О;Р;О;Р;О;25,698735568993953;0;18,302158273381295;0;6,584344949250802;0;
63;0;73;0;4;0;Р;П;Р;О;Р;О;25,698735568993953;25,698735568993953;18,65964672547877;0;6,584344949250802;0;
63;0;85;0;4;0;Р;П;Р;О;Р;О;25,698735568993953;25,698735568993953;19,94282025269759;0;6,584344949250802;0;
63;0;111;0;4;0;Р;П;Р;О;Р;О;25,698735568993953;25,698735568993953;22,109268567670405;0;6,584344949250802;0;
81;0;120;0;4;0;Р;П;Р;П;Р;О;31,55433885847146;25,698735568993953;22,71428571428571;12,707292707292707;6,584344949250802;0;
63;0;120;0;52;0;Р;П;Р;П;Р;О;25,698735568993953;25,698735568993953;22,71428571428571;12,707292707292707;16,2231490323181;0;
63;0;120;0;68;0;Р;П;Р;П;Р;О;25,698735568993953;25,698735568993953;22,71428571428571;12,707292707292707;19,099900843247664;0;
88;0;120;0;80;0;Р;П;Р;П;Р;О;33,69163861519939;25,698735568993953;22,71428571428571;12,707292707292707;21,253132832080198;0;
63;0;120;112;4;0;Р;П;Р;Р;Р;О;25,698735568993953;25,698735568993953;22,71428571428571;22,179598953792503;6,584344949250802;0;
63;0;120;107;4;0;Р;О;Р;Р;Р;О;25,698735568993953;0;22,71428571428571;21,819580935280626;6,584344949250802;0;
63;0;120;109;4;0;Р;О;Р;Р;Р;О;25,698735568993953;0;22,71428571428571;21,966127473502432;6,584344949250802;0;
63;0;120;94;4;0;Р;О;Р;Р;Р;О;25,698735568993953;0;22,71428571428571;20,774924418806687;6,584344949250802;0;
63;0;120;108;4;0;Р;О;Р;Р;Р;О;25,698735568993953;0;22,71428571428571;21,893287435456106;6,584344949250802;0;
63;0;120;113;4;0;Р;О;Р;Р;Р;О;25,698735568993953;0;22,71428571428571;22,249121557822395;6,584344949250802;0;
65;0;120;120;4;0;Р;О;Р;Р;Р;О;26,376468137191072;0;22,71428571428571;22,71428571428571;6,584344949250802;0;
65;0;120;120;4;0;Р;О;Р;Р;Р;О;26,376468137191072;0;22,71428571428571;22,71428571428571;6,584344949250802;0;
63;0;120;108;4;0;Р;О;Р;Р;Р;О;25,698735568993953;0;22,71428571428571;21,893287435456106;6,584344949250802;0;
63;0;120;103;4;0;Р;О;Р;Р;Р;О;25,698735568993953;0;22,71428571428571;21,515773570032685;6,584344949250802;0;
63;0;120;95;4;0;Р;О;Р;Р;Р;О;25,698735568993953;0;22,71428571428571;20,861458782908937;6,584344949250802;0;
63;0;120;74;4;0;Р;О;Р;Р;Р;О;25,698735568993953;0;22,71428571428571;18,775282243587185;6,584344949250802;0;
63;0;120;50;4;0;Р;О;Р;Р;Р;О;25,698735568993953;0;22,71428571428571;15,425660926509822;6,584344949250802;0;
63;0;85;36;4;0;Р;О;Р;Р;Р;О;25,698735568993953;0;19,94282025269759;12,707292707292707;6,584344949250802;0;
63;0;68;36;4;0;Р;О;Р;Р;Р;О;25,698735568993953;0;18,054604658929616;12,707292707292707;6,584344949250802;0;
63;0;51;36;4;0;Р;О;Р;Р;Р;О;25,698735568993953;0;15,593855916925074;12,707292707292707;6,584344949250802;0;
63;0;44;36;4;0;Р;О;Р;Р;Р;О;25,698735568993953;0;14,349297507947906;12,707292707292707;6,584344949250802;0;
63;0;49;36;4;0;Р;О;Р;Р;Р;О;25,698735568993953;0;15,254411512763406;12,707292707292707;6,584344949250802;0;
63;0;49;36;4;0;Р;О;Р;Р;Р;О;25,698735568993953;0;15,254411512763406;12,707292707292707;6,584344949250802;0;
63;0;55;36;4;0;Р;О;Р;Р;Р;О;25,698735568993953;0;16,23766972264129;12,707292707292707;6,584344949250802;0;
63;0;69;36;4;0;Р;О;Р;Р;Р;О;25,698735568993953;0;18,179332629093395;12,707292707292707;6,584344949250802;0;
63;0;99;36;4;0;Р;О;Р;Р;Р;О;25,698735568993953;0;21,196788365399183;12,707292707292707;6,584344949250802;0;
63;0;111;36;4;0;Р;О;Р;Р;Р;О;25,698735568993953;0;22,109268567670405;12,707292707292707;6,584344949250802;0;
63;0;120;60;4;0;Р;О;Р;Р;Р;О;25,698735568993953;0;22,71428571428571;16,982643524699597;6,584344949250802;0;
63;0;120;68;4;0;Р;О;Р;Р;Р;О;25,698735568993953;0;22,71428571428571;18,054604658929616;6,584344949250802;0;
63;0;120;70;4;0;Р;О;Р;Р;Р;О;25,698735568993953;0;22,71428571428571;18,302158273381295;6,584344949250802;0;
63;0;120;69;4;0;Р;О;Р;Р;Р;О;25,698735568993953;0;22,71428571428571;18,179332629093395;6,584344949250802;0;
63;0;120;73;4;0;Р;О;Р;Р;Р;О;25,698735568993953;0;22,71428571428571;18,65964672547877;6,584344949250802;0;
63;0;120;78;4;0;Р;О;Р;Р;Р;О;25,698735568993953;0;22,71428571428571;19,221201906311748;6,584344949250802;0;
63;0;120;82;4;0;Р;О;Р;Р;Р;О;25,698735568993953;0;22,71428571428571;19,642198033972353;6,584344949250802;0;
63;0;120;91;4;0;Р;О;Р;Р;Р;О;25,698735568993953;0;22,71428571428571;20,508495597172267;6,584344949250802;0;
63;0;120;97;4;0;Р;О;Р;Р;Р;О;25,698735568993953;0;22,71428571428571;21,03124414065829;6,584344949250802;0;
63;0;120;96;4;0;Р;О;Р;Р;Р;О;25,698735568993953;0;22,71428571428571;20,946891724989708;6,584344949250802;0;
63;0;120;92;4;0;Р;О;Р;Р;Р;О;25,698735568993953;0;22,71428571428571;20,59846511300429;6,584344949250802;0;
63;0;120;78;4;0;Р;О;Р;Р;Р;О;25,698735568993953;0;22,71428571428571;19,221201906311748;6,584344949250802;0;
63;0;120;44;4;0;Р;О;Р;Р;Р;О;25,698735568993953;0;22,71428571428571;14,349297507947906;6,584344949250802;0;
63;0;97;36;4;0;Р;О;Р;Р;Р;О;25,698735568993953;0;21,03124414065829;12,707292707292707;6,584344949250802;0;
63;0;90;36;4;0;Р;О;Р;Р;Р;О;25,698735568993953;0;20,417335473515248;12,707292707292707;6,584344949250802;0;
63;0;58;36;4;0;Р;О;Р;Р;Р;О;25,698735568993953;0;16,692158016199826;12,707292707292707;6,584344949250802;0;
63;0;47;36;4;0;Р;О;Р;Р;Р;О;25,698735568993953;0;14,902410449435402;12,707292707292707;6,584344949250802;0;
63;0;40;36;4;0;Р;О;Р;Р;Р;О;25,698735568993953;0;13,560767590618337;12,707292707292707;6,584344949250802;0;
63;0;71;0;4;0;Р;О;Р;О;Р;О;25,698735568993953;0;18,423124783256156;0;6,584344949250802;0;
63;0;74;0;4;0;Р;О;Р;О;Р;О;25,698735568993953;0;18,775282243587185;0;6,584344949250802;0;
63;0;85;0;4;0;Р;О;Р;О;Р;О;25,698735568993953;0;19,94282025269759;0;6,584344949250802;0;
63;0;100;0;4;0;Р;О;Р;О;Р;О;25,698735568993953;0;21,278019404483103;0;6,584344949250802;0;
69;0;120;0;4;0;Р;О;Р;О;Р;О;27,710971932266297;0;22,71428571428571;0;6,584344949250802;0;
91;0;120;0;4;0;Р;О;Р;О;Р;О;34,58528256786751;0;22,71428571428571;0;6,584344949250802;0;
63;0;120;0;40;0;Р;О;Р;О;Р;О;25,698735568993953;0;22,71428571428571;0;13,935907970419064;0;
63;0;120;0;46;0;Р;О;Р;О;Р;О;25,698735568993953;0;22,71428571428571;0;15,104686222638499;0;
63;0;120;0;55;0;Р;О;Р;О;Р;О;25,698735568993953;0;22,71428571428571;0;16,768522185659872;0;
63;0;120;0;54;0;Р;О;Р;О;Р;О;25,698735568993953;0;22,71428571428571;0;16,58749719324568;0;
63;0;120;0;50;0;Р;О;Р;О;Р;О;25,698735568993953;0;22,71428571428571;0;15,855054443138945;0;
63;0;120;0;53;0;Р;О;Р;О;Р;О;25,698735568993953;0;22,71428571428571;0;16,40574101335553;0;
63;0;120;0;63;0;Р;О;Р;О;Р;О;25,698735568993953;0;22,71428571428571;0;18,20286854350266;0;
70;0;120;0;80;0;Р;О;Р;О;Р;О;28,04030951952492;0;22,71428571428571;0;21,253132832080198;0;
75;0;120;0;80;0;Р;О;Р;О;Р;О;29,66192035330846;0;22,71428571428571;0;21,253132832080198;0;
72;0;120;0;80;0;Р;О;Р;О;Р;О;28,693930791068823;0;22,71428571428571;0;21,253132832080198;0;
69;0;120;0;80;0;Р;О;Р;О;Р;О;27,710971932266297;0;22,71428571428571;0;21,253132832080198;0;
63;0;120;0;77;0;Р;О;Р;О;Р;О;25,698735568993953;0;22,71428571428571;0;20,72252549306524;0;
63;0;120;0;58;0;Р;О;Р;О;Р;О;25,698735568993953;0;22,71428571428571;0;17,308272212553625;0;
63;0;120;0;37;0;Р;О;Р;О;Р;О;25,698735568993953;0;22,71428571428571;0;13,330585767795773;0;
